ENTIDAD,NOMBRE_ENTIDAD,DISTRITO_FEDERAL,DISTRITO_LOCAL,MUNICIPIO,SECCION
19,NUEVO LEON,1,18,19,356
19,NUEVO LEON,1,18,19,357
19,NUEVO LEON,1,18,19,358
19,NUEVO LEON,1,18,19,359
19,NUEVO LEON,1,18,19,360
19,NUEVO LEON,1,18,19,361
19,NUEVO LEON,1,18,19,362
19,NUEVO LEON,1,18,19,363
19,NUEVO LEON,1,18,19,364
19,NUEVO LEON,1,18,19,365
19,NUEVO LEON,1,18,19,366
19,NUEVO LEON,1,18,19,367
19,NUEVO LEON,1,18,19,368
19,NUEVO LEON,1,18,19,369
19,NUEVO LEON,1,18,19,370
19,NUEVO LEON,1,18,19,371
19,NUEVO LEON,1,18,19,372
19,NUEVO LEON,1,18,19,373
19,NUEVO LEON,1,18,19,374
19,NUEVO LEON,1,18,19,375
19,NUEVO LEON,1,18,19,376
19,NUEVO LEON,1,18,19,377
19,NUEVO LEON,1,18,19,378
19,NUEVO LEON,1,18,19,379
19,NUEVO LEON,1,18,19,380
19,NUEVO LEON,1,18,19,381
19,NUEVO LEON,1,18,19,382
19,NUEVO LEON,1,18,19,383
19,NUEVO LEON,1,18,19,384
19,NUEVO LEON,1,18,19,385
19,NUEVO LEON,1,18,19,386
19,NUEVO LEON,1,18,19,387
19,NUEVO LEON,1,18,19,388
19,NUEVO LEON,1,18,19,389
19,NUEVO LEON,1,18,19,390
19,NUEVO LEON,1,18,19,391
19,NUEVO LEON,1,18,19,392
19,NUEVO LEON,1,18,19,393
19,NUEVO LEON,1,18,19,394
19,NUEVO LEON,1,18,19,395
19,NUEVO LEON,1,18,19,396
19,NUEVO LEON,1,18,19,397
19,NUEVO LEON,1,18,19,398
19,NUEVO LEON,1,18,19,399
19,NUEVO LEON,1,18,19,400
19,NUEVO LEON,1,18,19,401
19,NUEVO LEON,1,18,19,402
19,NUEVO LEON,1,18,19,403
19,NUEVO LEON,1,18,19,404
19,NUEVO LEON,1,18,19,405
19,NUEVO LEON,1,18,19,406
19,NUEVO LEON,1,18,19,407
19,NUEVO LEON,1,18,19,408
19,NUEVO LEON,1,18,19,409
19,NUEVO LEON,1,18,19,410
19,NUEVO LEON,1,18,19,411
19,NUEVO LEON,1,18,19,412
19,NUEVO LEON,1,18,19,413
19,NUEVO LEON,1,18,19,414
19,NUEVO LEON,1,18,19,415
19,NUEVO LEON,1,18,19,416
19,NUEVO LEON,1,18,19,417
19,NUEVO LEON,1,18,48,2003
19,NUEVO LEON,1,18,48,2004
19,NUEVO LEON,1,18,48,2005
19,NUEVO LEON,1,18,48,2007
19,NUEVO LEON,1,18,48,2008
19,NUEVO LEON,1,18,48,2009
19,NUEVO LEON,1,18,48,2010
19,NUEVO LEON,1,18,48,2011
19,NUEVO LEON,1,18,48,2012
19,NUEVO LEON,1,18,48,2013
19,NUEVO LEON,1,18,48,2014
19,NUEVO LEON,1,18,48,2015
19,NUEVO LEON,1,18,48,2016
19,NUEVO LEON,1,18,48,2017
19,NUEVO LEON,1,18,48,2018
19,NUEVO LEON,1,18,48,2019
19,NUEVO LEON,1,18,48,2057
19,NUEVO LEON,1,18,48,2058
19,NUEVO LEON,1,18,48,2059
19,NUEVO LEON,1,18,48,2060
19,NUEVO LEON,1,18,48,2061
19,NUEVO LEON,1,18,48,2062
19,NUEVO LEON,1,18,48,2063
19,NUEVO LEON,1,18,48,2064
19,NUEVO LEON,1,18,48,2065
19,NUEVO LEON,1,18,48,2066
19,NUEVO LEON,1,18,48,2080
19,NUEVO LEON,1,18,48,2081
19,NUEVO LEON,1,18,48,2082
19,NUEVO LEON,1,18,48,2083
19,NUEVO LEON,1,18,48,3122
19,NUEVO LEON,1,18,48,3123
19,NUEVO LEON,1,18,48,3124
19,NUEVO LEON,1,18,48,3125
19,NUEVO LEON,1,18,48,3126
19,NUEVO LEON,1,19,48,1999
19,NUEVO LEON,1,19,48,2000
19,NUEVO LEON,1,19,48,2001
19,NUEVO LEON,1,19,48,2020
19,NUEVO LEON,1,19,48,2021
19,NUEVO LEON,1,19,48,2022
19,NUEVO LEON,1,19,48,2023
19,NUEVO LEON,1,19,48,2024
19,NUEVO LEON,1,19,48,2025
19,NUEVO LEON,1,19,48,2026
19,NUEVO LEON,1,19,48,2027
19,NUEVO LEON,1,19,48,2028
19,NUEVO LEON,1,19,48,2029
19,NUEVO LEON,1,19,48,2030
19,NUEVO LEON,1,19,48,2031
19,NUEVO LEON,1,19,48,2032
19,NUEVO LEON,1,19,48,2033
19,NUEVO LEON,1,19,48,2034
19,NUEVO LEON,1,19,48,2035
19,NUEVO LEON,1,19,48,2036
19,NUEVO LEON,1,19,48,2037
19,NUEVO LEON,1,19,48,2038
19,NUEVO LEON,1,19,48,2039
19,NUEVO LEON,1,19,48,2043
19,NUEVO LEON,1,19,48,2044
19,NUEVO LEON,1,19,48,2045
19,NUEVO LEON,1,19,48,2046
19,NUEVO LEON,1,19,48,2048
19,NUEVO LEON,1,19,48,2049
19,NUEVO LEON,1,19,48,2050
19,NUEVO LEON,1,19,48,2051
19,NUEVO LEON,1,19,48,2052
19,NUEVO LEON,1,19,48,2053
19,NUEVO LEON,1,19,48,2054
19,NUEVO LEON,1,19,48,2055
19,NUEVO LEON,1,19,48,2056
19,NUEVO LEON,1,19,48,2067
19,NUEVO LEON,1,19,48,2068
19,NUEVO LEON,1,19,48,2069
19,NUEVO LEON,1,19,48,2070
19,NUEVO LEON,1,19,48,2071
19,NUEVO LEON,1,19,48,2072
19,NUEVO LEON,1,19,48,2074
19,NUEVO LEON,1,19,48,2075
19,NUEVO LEON,1,19,48,2076
19,NUEVO LEON,1,19,48,2077
19,NUEVO LEON,1,19,48,2078
19,NUEVO LEON,1,19,48,2079
19,NUEVO LEON,1,19,48,2084
19,NUEVO LEON,1,19,48,2085
19,NUEVO LEON,1,19,48,2786
19,NUEVO LEON,1,19,48,2787
19,NUEVO LEON,1,19,48,2788
19,NUEVO LEON,1,19,48,2789
19,NUEVO LEON,1,19,48,2790
19,NUEVO LEON,1,19,48,2791
19,NUEVO LEON,1,19,48,2792
19,NUEVO LEON,1,19,48,2793
19,NUEVO LEON,1,19,48,2794
19,NUEVO LEON,1,19,48,2795
19,NUEVO LEON,1,19,48,2796
19,NUEVO LEON,1,19,48,2797
19,NUEVO LEON,1,19,48,2798
19,NUEVO LEON,1,19,48,2911
19,NUEVO LEON,1,19,48,2912
19,NUEVO LEON,1,19,48,2913
19,NUEVO LEON,1,19,48,2914
19,NUEVO LEON,1,19,48,2915
19,NUEVO LEON,1,19,48,2916
19,NUEVO LEON,1,19,48,2966
19,NUEVO LEON,1,19,48,2967
19,NUEVO LEON,1,19,48,2968
19,NUEVO LEON,1,19,48,2969
19,NUEVO LEON,1,19,48,2970
19,NUEVO LEON,1,19,48,2971
19,NUEVO LEON,1,19,48,3115
19,NUEVO LEON,1,19,48,3116
19,NUEVO LEON,1,19,48,3117
19,NUEVO LEON,1,19,48,3118
19,NUEVO LEON,1,19,48,3119
19,NUEVO LEON,1,19,48,3120
19,NUEVO LEON,1,19,48,3121
19,NUEVO LEON,2,5,6,63
19,NUEVO LEON,2,5,6,105
19,NUEVO LEON,2,5,6,106
19,NUEVO LEON,2,5,6,107
19,NUEVO LEON,2,5,6,109
19,NUEVO LEON,2,5,6,110
19,NUEVO LEON,2,5,6,111
19,NUEVO LEON,2,5,6,112
19,NUEVO LEON,2,5,6,113
19,NUEVO LEON,2,5,6,115
19,NUEVO LEON,2,5,6,116
19,NUEVO LEON,2,5,6,122
19,NUEVO LEON,2,5,6,132
19,NUEVO LEON,2,5,6,133
19,NUEVO LEON,2,5,6,2197
19,NUEVO LEON,2,5,6,2198
19,NUEVO LEON,2,5,6,2438
19,NUEVO LEON,2,5,6,2439
19,NUEVO LEON,2,5,6,2440
19,NUEVO LEON,2,5,6,2441
19,NUEVO LEON,2,5,6,2442
19,NUEVO LEON,2,5,6,2443
19,NUEVO LEON,2,5,6,2444
19,NUEVO LEON,2,5,6,2445
19,NUEVO LEON,2,5,6,2446
19,NUEVO LEON,2,5,6,2447
19,NUEVO LEON,2,5,6,2448
19,NUEVO LEON,2,5,6,2449
19,NUEVO LEON,2,5,6,2450
19,NUEVO LEON,2,5,6,2451
19,NUEVO LEON,2,5,6,2452
19,NUEVO LEON,2,5,6,2453
19,NUEVO LEON,2,5,6,2454
19,NUEVO LEON,2,5,6,2455
19,NUEVO LEON,2,5,6,2456
19,NUEVO LEON,2,5,6,2457
19,NUEVO LEON,2,5,6,2458
19,NUEVO LEON,2,5,6,2459
19,NUEVO LEON,2,5,6,2460
19,NUEVO LEON,2,5,6,2461
19,NUEVO LEON,2,5,6,2462
19,NUEVO LEON,2,5,6,2463
19,NUEVO LEON,2,5,6,2464
19,NUEVO LEON,2,5,6,2465
19,NUEVO LEON,2,5,6,2466
19,NUEVO LEON,2,5,6,2467
19,NUEVO LEON,2,5,6,2468
19,NUEVO LEON,2,5,6,2469
19,NUEVO LEON,2,5,6,2470
19,NUEVO LEON,2,5,6,2471
19,NUEVO LEON,2,5,6,2472
19,NUEVO LEON,2,5,6,2473
19,NUEVO LEON,2,5,6,2474
19,NUEVO LEON,2,5,6,2475
19,NUEVO LEON,2,5,6,2476
19,NUEVO LEON,2,5,6,2477
19,NUEVO LEON,2,5,6,2478
19,NUEVO LEON,2,5,6,2479
19,NUEVO LEON,2,5,6,2480
19,NUEVO LEON,2,5,6,2481
19,NUEVO LEON,2,5,6,2482
19,NUEVO LEON,2,5,6,2483
19,NUEVO LEON,2,5,6,2484
19,NUEVO LEON,2,5,6,2485
19,NUEVO LEON,2,5,6,2486
19,NUEVO LEON,2,5,6,2487
19,NUEVO LEON,2,5,6,2488
19,NUEVO LEON,2,5,6,2489
19,NUEVO LEON,2,5,6,2490
19,NUEVO LEON,2,5,6,2494
19,NUEVO LEON,2,5,6,2495
19,NUEVO LEON,2,5,6,2496
19,NUEVO LEON,2,5,6,2497
19,NUEVO LEON,2,5,6,2498
19,NUEVO LEON,2,5,6,2499
19,NUEVO LEON,2,5,6,2500
19,NUEVO LEON,2,5,6,2501
19,NUEVO LEON,2,5,6,2502
19,NUEVO LEON,2,5,6,2503
19,NUEVO LEON,2,5,6,2504
19,NUEVO LEON,2,5,6,2505
19,NUEVO LEON,2,5,6,2506
19,NUEVO LEON,2,5,6,2507
19,NUEVO LEON,2,5,6,2508
19,NUEVO LEON,2,5,6,2509
19,NUEVO LEON,2,5,6,2512
19,NUEVO LEON,2,5,6,2923
19,NUEVO LEON,2,5,6,2924
19,NUEVO LEON,2,5,6,2972
19,NUEVO LEON,2,5,6,2973
19,NUEVO LEON,2,5,6,2974
19,NUEVO LEON,2,5,6,2975
19,NUEVO LEON,2,5,6,2976
19,NUEVO LEON,2,5,6,2977
19,NUEVO LEON,2,5,6,2978
19,NUEVO LEON,2,5,6,2979
19,NUEVO LEON,2,5,6,2980
19,NUEVO LEON,2,5,6,3132
19,NUEVO LEON,2,5,6,3133
19,NUEVO LEON,2,5,6,3134
19,NUEVO LEON,2,5,6,3135
19,NUEVO LEON,2,5,6,3136
19,NUEVO LEON,2,5,6,3137
19,NUEVO LEON,2,5,6,3138
19,NUEVO LEON,2,5,6,3139
19,NUEVO LEON,2,5,6,3140
19,NUEVO LEON,2,5,6,3141
19,NUEVO LEON,2,5,6,3142
19,NUEVO LEON,2,5,6,3143
19,NUEVO LEON,2,5,6,3144
19,NUEVO LEON,2,5,6,3145
19,NUEVO LEON,2,5,6,3146
19,NUEVO LEON,2,5,6,3147
19,NUEVO LEON,2,7,6,117
19,NUEVO LEON,2,7,6,118
19,NUEVO LEON,2,7,6,119
19,NUEVO LEON,2,7,6,120
19,NUEVO LEON,2,7,6,121
19,NUEVO LEON,2,7,6,123
19,NUEVO LEON,2,7,6,125
19,NUEVO LEON,2,7,6,126
19,NUEVO LEON,2,7,6,127
19,NUEVO LEON,2,7,6,128
19,NUEVO LEON,2,7,6,2925
19,NUEVO LEON,2,7,6,2926
19,NUEVO LEON,2,7,6,2927
19,NUEVO LEON,2,16,6,66
19,NUEVO LEON,2,16,6,69
19,NUEVO LEON,2,16,6,70
19,NUEVO LEON,2,16,6,71
19,NUEVO LEON,2,16,6,72
19,NUEVO LEON,2,16,6,73
19,NUEVO LEON,2,16,6,74
19,NUEVO LEON,2,16,6,75
19,NUEVO LEON,2,16,6,76
19,NUEVO LEON,2,16,6,78
19,NUEVO LEON,2,16,6,79
19,NUEVO LEON,2,16,6,80
19,NUEVO LEON,2,16,6,81
19,NUEVO LEON,2,16,6,82
19,NUEVO LEON,2,16,6,83
19,NUEVO LEON,2,16,6,85
19,NUEVO LEON,2,16,6,86
19,NUEVO LEON,2,16,6,87
19,NUEVO LEON,2,16,6,88
19,NUEVO LEON,2,16,6,89
19,NUEVO LEON,2,16,6,90
19,NUEVO LEON,2,16,6,91
19,NUEVO LEON,2,16,6,92
19,NUEVO LEON,2,16,6,93
19,NUEVO LEON,2,16,6,94
19,NUEVO LEON,2,16,6,95
19,NUEVO LEON,2,16,6,96
19,NUEVO LEON,2,16,6,97
19,NUEVO LEON,2,16,6,98
19,NUEVO LEON,2,16,6,99
19,NUEVO LEON,2,16,6,100
19,NUEVO LEON,2,16,6,103
19,NUEVO LEON,2,16,6,104
19,NUEVO LEON,2,16,6,2166
19,NUEVO LEON,2,16,6,2167
19,NUEVO LEON,2,16,6,2168
19,NUEVO LEON,2,16,6,2169
19,NUEVO LEON,2,16,6,2170
19,NUEVO LEON,2,16,6,2171
19,NUEVO LEON,2,16,6,2172
19,NUEVO LEON,2,16,6,2173
19,NUEVO LEON,2,16,6,2174
19,NUEVO LEON,2,16,6,2175
19,NUEVO LEON,2,16,6,2176
19,NUEVO LEON,2,16,6,2177
19,NUEVO LEON,2,16,6,2178
19,NUEVO LEON,2,16,6,2179
19,NUEVO LEON,2,16,6,2180
19,NUEVO LEON,2,16,6,2181
19,NUEVO LEON,2,16,6,2182
19,NUEVO LEON,2,16,6,2183
19,NUEVO LEON,2,16,6,2184
19,NUEVO LEON,2,16,6,2185
19,NUEVO LEON,2,16,6,2186
19,NUEVO LEON,2,16,6,2187
19,NUEVO LEON,2,16,6,2188
19,NUEVO LEON,2,16,6,2189
19,NUEVO LEON,2,16,6,2190
19,NUEVO LEON,2,16,6,2191
19,NUEVO LEON,2,16,6,2192
19,NUEVO LEON,2,16,6,2193
19,NUEVO LEON,2,16,6,2194
19,NUEVO LEON,2,16,6,2195
19,NUEVO LEON,2,16,6,2416
19,NUEVO LEON,2,16,6,2417
19,NUEVO LEON,2,16,6,2418
19,NUEVO LEON,2,16,6,2419
19,NUEVO LEON,2,16,6,2420
19,NUEVO LEON,2,16,6,2421
19,NUEVO LEON,2,16,6,2422
19,NUEVO LEON,2,16,6,2423
19,NUEVO LEON,2,16,6,2424
19,NUEVO LEON,2,16,6,2425
19,NUEVO LEON,2,16,6,2426
19,NUEVO LEON,2,16,6,2427
19,NUEVO LEON,2,16,6,2428
19,NUEVO LEON,2,16,6,2429
19,NUEVO LEON,2,16,6,2430
19,NUEVO LEON,2,16,6,2431
19,NUEVO LEON,2,16,6,2432
19,NUEVO LEON,2,16,6,2433
19,NUEVO LEON,2,16,6,2434
19,NUEVO LEON,2,16,6,2435
19,NUEVO LEON,2,16,6,2436
19,NUEVO LEON,2,16,6,2491
19,NUEVO LEON,2,16,6,2492
19,NUEVO LEON,2,16,6,2493
19,NUEVO LEON,2,16,6,2510
19,NUEVO LEON,2,16,6,2511
19,NUEVO LEON,2,16,6,2513
19,NUEVO LEON,2,16,6,2514
19,NUEVO LEON,2,16,6,2735
19,NUEVO LEON,2,16,6,2736
19,NUEVO LEON,2,16,6,2917
19,NUEVO LEON,2,16,6,2918
19,NUEVO LEON,2,16,6,2919
19,NUEVO LEON,2,16,6,2920
19,NUEVO LEON,2,16,6,2921
19,NUEVO LEON,2,16,6,2922
19,NUEVO LEON,2,16,6,3044
19,NUEVO LEON,2,16,6,3045
19,NUEVO LEON,2,16,6,3046
19,NUEVO LEON,2,16,6,3047
19,NUEVO LEON,2,16,6,3048
19,NUEVO LEON,2,16,6,3049
19,NUEVO LEON,2,16,6,3127
19,NUEVO LEON,2,16,6,3128
19,NUEVO LEON,2,16,6,3129
19,NUEVO LEON,2,16,6,3130
19,NUEVO LEON,2,16,6,3131
19,NUEVO LEON,3,17,21,430
19,NUEVO LEON,3,17,21,431
19,NUEVO LEON,3,17,21,432
19,NUEVO LEON,3,17,21,434
19,NUEVO LEON,3,17,21,435
19,NUEVO LEON,3,17,21,436
19,NUEVO LEON,3,17,21,437
19,NUEVO LEON,3,17,21,438
19,NUEVO LEON,3,17,21,445
19,NUEVO LEON,3,17,21,446
19,NUEVO LEON,3,17,21,447
19,NUEVO LEON,3,17,21,448
19,NUEVO LEON,3,17,21,449
19,NUEVO LEON,3,17,21,450
19,NUEVO LEON,3,17,21,451
19,NUEVO LEON,3,17,21,452
19,NUEVO LEON,3,17,21,459
19,NUEVO LEON,3,17,21,460
19,NUEVO LEON,3,17,21,461
19,NUEVO LEON,3,17,21,463
19,NUEVO LEON,3,17,21,464
19,NUEVO LEON,3,17,21,465
19,NUEVO LEON,3,17,21,466
19,NUEVO LEON,3,17,21,467
19,NUEVO LEON,3,17,21,468
19,NUEVO LEON,3,17,21,470
19,NUEVO LEON,3,17,21,471
19,NUEVO LEON,3,17,21,473
19,NUEVO LEON,3,17,21,475
19,NUEVO LEON,3,17,21,476
19,NUEVO LEON,3,17,21,477
19,NUEVO LEON,3,17,21,478
19,NUEVO LEON,3,17,21,479
19,NUEVO LEON,3,17,21,481
19,NUEVO LEON,3,17,21,482
19,NUEVO LEON,3,17,21,484
19,NUEVO LEON,3,17,21,485
19,NUEVO LEON,3,17,21,486
19,NUEVO LEON,3,17,21,487
19,NUEVO LEON,3,17,21,488
19,NUEVO LEON,3,17,21,489
19,NUEVO LEON,3,17,21,490
19,NUEVO LEON,3,17,21,2142
19,NUEVO LEON,3,17,21,2758
19,NUEVO LEON,3,17,21,2759
19,NUEVO LEON,3,17,21,2760
19,NUEVO LEON,3,17,21,2761
19,NUEVO LEON,3,17,21,2762
19,NUEVO LEON,3,17,21,2763
19,NUEVO LEON,3,17,21,2764
19,NUEVO LEON,3,17,21,2765
19,NUEVO LEON,3,17,21,2766
19,NUEVO LEON,3,17,21,2932
19,NUEVO LEON,3,17,21,2933
19,NUEVO LEON,3,17,21,2934
19,NUEVO LEON,3,17,21,2935
19,NUEVO LEON,3,17,21,2938
19,NUEVO LEON,3,17,21,2939
19,NUEVO LEON,3,17,21,2940
19,NUEVO LEON,3,17,21,2941
19,NUEVO LEON,3,17,21,2942
19,NUEVO LEON,3,17,21,2943
19,NUEVO LEON,3,17,21,2981
19,NUEVO LEON,3,17,21,2982
19,NUEVO LEON,3,17,21,2983
19,NUEVO LEON,3,17,21,2984
19,NUEVO LEON,3,17,21,2985
19,NUEVO LEON,3,17,21,2986
19,NUEVO LEON,3,17,21,3050
19,NUEVO LEON,3,17,21,3051
19,NUEVO LEON,3,17,21,3052
19,NUEVO LEON,3,17,21,3053
19,NUEVO LEON,3,17,21,3054
19,NUEVO LEON,3,17,21,3148
19,NUEVO LEON,3,17,21,3149
19,NUEVO LEON,3,17,21,3150
19,NUEVO LEON,3,17,21,3151
19,NUEVO LEON,3,17,21,3152
19,NUEVO LEON,3,17,21,3153
19,NUEVO LEON,3,17,21,3154
19,NUEVO LEON,3,17,21,3155
19,NUEVO LEON,3,17,21,3156
19,NUEVO LEON,3,17,21,3157
19,NUEVO LEON,3,17,21,3158
19,NUEVO LEON,3,17,21,3159
19,NUEVO LEON,3,17,21,3160
19,NUEVO LEON,3,17,21,3161
19,NUEVO LEON,3,25,21,442
19,NUEVO LEON,3,25,21,443
19,NUEVO LEON,3,25,21,444
19,NUEVO LEON,3,25,21,454
19,NUEVO LEON,3,25,21,455
19,NUEVO LEON,3,25,21,456
19,NUEVO LEON,3,25,21,457
19,NUEVO LEON,3,25,21,458
19,NUEVO LEON,3,25,21,2137
19,NUEVO LEON,3,25,21,2138
19,NUEVO LEON,3,25,21,2139
19,NUEVO LEON,3,25,21,2140
19,NUEVO LEON,3,25,21,2141
19,NUEVO LEON,3,25,21,2143
19,NUEVO LEON,3,25,21,2144
19,NUEVO LEON,3,25,21,2145
19,NUEVO LEON,3,25,21,2146
19,NUEVO LEON,3,25,21,2147
19,NUEVO LEON,3,25,21,2148
19,NUEVO LEON,3,25,21,2149
19,NUEVO LEON,3,25,21,2150
19,NUEVO LEON,3,25,21,2151
19,NUEVO LEON,3,25,21,2152
19,NUEVO LEON,3,25,21,2153
19,NUEVO LEON,3,25,21,2154
19,NUEVO LEON,3,25,21,2155
19,NUEVO LEON,3,25,21,2156
19,NUEVO LEON,3,25,21,2157
19,NUEVO LEON,3,25,21,2158
19,NUEVO LEON,3,25,21,2159
19,NUEVO LEON,3,25,21,2160
19,NUEVO LEON,3,25,21,2161
19,NUEVO LEON,3,25,21,2162
19,NUEVO LEON,3,25,21,2163
19,NUEVO LEON,3,25,21,2164
19,NUEVO LEON,3,25,21,2165
19,NUEVO LEON,3,25,21,2515
19,NUEVO LEON,3,25,21,2516
19,NUEVO LEON,3,25,21,2517
19,NUEVO LEON,3,25,21,2518
19,NUEVO LEON,3,25,21,2519
19,NUEVO LEON,3,25,21,2520
19,NUEVO LEON,3,25,21,2521
19,NUEVO LEON,3,25,21,2522
19,NUEVO LEON,3,25,21,2523
19,NUEVO LEON,3,25,21,2524
19,NUEVO LEON,3,25,21,2525
19,NUEVO LEON,3,25,21,2526
19,NUEVO LEON,3,25,21,2527
19,NUEVO LEON,3,25,21,2528
19,NUEVO LEON,3,25,21,2529
19,NUEVO LEON,3,25,21,2530
19,NUEVO LEON,3,25,21,2531
19,NUEVO LEON,3,25,21,2532
19,NUEVO LEON,3,25,21,2535
19,NUEVO LEON,3,25,21,2538
19,NUEVO LEON,3,25,21,2540
19,NUEVO LEON,3,25,21,2544
19,NUEVO LEON,3,25,21,2545
19,NUEVO LEON,3,25,21,2546
19,NUEVO LEON,3,25,21,2747
19,NUEVO LEON,3,25,21,2748
19,NUEVO LEON,3,25,21,2749
19,NUEVO LEON,3,25,21,2750
19,NUEVO LEON,3,25,21,2751
19,NUEVO LEON,3,25,21,2752
19,NUEVO LEON,3,25,21,2753
19,NUEVO LEON,3,25,21,2754
19,NUEVO LEON,3,25,21,2755
19,NUEVO LEON,3,25,21,2756
19,NUEVO LEON,3,25,21,2757
19,NUEVO LEON,3,25,21,2809
19,NUEVO LEON,3,25,21,2810
19,NUEVO LEON,3,25,21,2811
19,NUEVO LEON,3,25,21,2812
19,NUEVO LEON,3,25,21,2813
19,NUEVO LEON,3,25,21,2814
19,NUEVO LEON,3,25,21,2815
19,NUEVO LEON,3,25,21,2816
19,NUEVO LEON,3,25,21,2817
19,NUEVO LEON,3,25,21,2818
19,NUEVO LEON,3,25,21,2819
19,NUEVO LEON,3,25,21,2820
19,NUEVO LEON,3,25,21,2821
19,NUEVO LEON,3,25,21,2822
19,NUEVO LEON,3,25,21,2936
19,NUEVO LEON,3,25,21,2937
19,NUEVO LEON,3,25,21,2944
19,NUEVO LEON,3,25,21,2945
19,NUEVO LEON,3,25,21,2946
19,NUEVO LEON,4,9,47,1852
19,NUEVO LEON,4,9,47,1854
19,NUEVO LEON,4,9,47,1855
19,NUEVO LEON,4,9,47,1856
19,NUEVO LEON,4,9,47,1857
19,NUEVO LEON,4,9,47,1858
19,NUEVO LEON,4,9,47,1887
19,NUEVO LEON,4,9,47,1888
19,NUEVO LEON,4,9,47,1889
19,NUEVO LEON,4,9,47,1890
19,NUEVO LEON,4,9,47,1891
19,NUEVO LEON,4,9,47,1892
19,NUEVO LEON,4,9,47,1893
19,NUEVO LEON,4,9,47,1894
19,NUEVO LEON,4,9,47,1895
19,NUEVO LEON,4,9,47,1896
19,NUEVO LEON,4,9,47,1902
19,NUEVO LEON,4,9,47,1903
19,NUEVO LEON,4,9,47,1904
19,NUEVO LEON,4,9,47,1905
19,NUEVO LEON,4,9,47,1906
19,NUEVO LEON,4,9,47,1907
19,NUEVO LEON,4,9,47,1908
19,NUEVO LEON,4,9,47,1909
19,NUEVO LEON,4,9,47,1910
19,NUEVO LEON,4,9,47,1911
19,NUEVO LEON,4,9,47,1914
19,NUEVO LEON,4,9,47,1915
19,NUEVO LEON,4,9,47,1916
19,NUEVO LEON,4,9,47,1917
19,NUEVO LEON,4,9,47,1918
19,NUEVO LEON,4,9,47,1919
19,NUEVO LEON,4,9,47,1920
19,NUEVO LEON,4,9,47,1921
19,NUEVO LEON,4,9,47,1922
19,NUEVO LEON,4,9,47,1923
19,NUEVO LEON,4,9,47,1924
19,NUEVO LEON,4,9,47,1925
19,NUEVO LEON,4,9,47,1926
19,NUEVO LEON,4,9,47,1927
19,NUEVO LEON,4,9,47,1928
19,NUEVO LEON,4,9,47,1929
19,NUEVO LEON,4,9,47,1930
19,NUEVO LEON,4,9,47,1931
19,NUEVO LEON,4,9,47,1932
19,NUEVO LEON,4,9,47,1933
19,NUEVO LEON,4,9,47,1934
19,NUEVO LEON,4,9,47,1935
19,NUEVO LEON,4,9,47,1936
19,NUEVO LEON,4,9,47,1937
19,NUEVO LEON,4,9,47,1938
19,NUEVO LEON,4,9,47,1939
19,NUEVO LEON,4,9,47,1940
19,NUEVO LEON,4,9,47,1941
19,NUEVO LEON,4,9,47,1942
19,NUEVO LEON,4,9,47,1943
19,NUEVO LEON,4,9,47,1944
19,NUEVO LEON,4,9,47,1945
19,NUEVO LEON,4,9,47,1946
19,NUEVO LEON,4,9,47,1947
19,NUEVO LEON,4,9,47,1948
19,NUEVO LEON,4,9,47,1949
19,NUEVO LEON,4,9,47,1950
19,NUEVO LEON,4,9,47,1951
19,NUEVO LEON,4,9,47,1952
19,NUEVO LEON,4,9,47,1953
19,NUEVO LEON,4,9,47,1954
19,NUEVO LEON,4,9,47,1955
19,NUEVO LEON,4,9,47,1956
19,NUEVO LEON,4,9,47,1957
19,NUEVO LEON,4,9,47,1958
19,NUEVO LEON,4,9,47,1959
19,NUEVO LEON,4,9,47,1960
19,NUEVO LEON,4,9,47,1961
19,NUEVO LEON,4,9,47,1962
19,NUEVO LEON,4,9,47,1963
19,NUEVO LEON,4,9,47,1964
19,NUEVO LEON,4,9,47,1965
19,NUEVO LEON,4,9,47,1966
19,NUEVO LEON,4,9,47,1967
19,NUEVO LEON,4,9,47,1968
19,NUEVO LEON,4,9,47,1969
19,NUEVO LEON,4,9,47,1970
19,NUEVO LEON,4,9,47,1971
19,NUEVO LEON,4,9,47,1972
19,NUEVO LEON,4,9,47,1973
19,NUEVO LEON,4,9,47,1975
19,NUEVO LEON,4,9,47,1976
19,NUEVO LEON,4,9,47,1977
19,NUEVO LEON,4,9,47,1978
19,NUEVO LEON,4,9,47,1979
19,NUEVO LEON,4,9,47,1980
19,NUEVO LEON,4,9,47,1981
19,NUEVO LEON,4,9,47,1982
19,NUEVO LEON,4,9,47,1983
19,NUEVO LEON,4,9,47,1984
19,NUEVO LEON,4,9,47,1985
19,NUEVO LEON,4,9,47,1986
19,NUEVO LEON,4,9,47,1987
19,NUEVO LEON,4,9,47,1988
19,NUEVO LEON,4,9,47,1989
19,NUEVO LEON,4,9,47,1990
19,NUEVO LEON,4,9,47,1991
19,NUEVO LEON,4,9,47,1992
19,NUEVO LEON,4,9,47,1993
19,NUEVO LEON,4,9,47,1994
19,NUEVO LEON,4,9,47,1995
19,NUEVO LEON,4,9,47,1996
19,NUEVO LEON,4,9,47,1997
19,NUEVO LEON,4,9,47,1998
19,NUEVO LEON,4,9,47,2734
19,NUEVO LEON,4,9,47,2947
19,NUEVO LEON,4,9,47,2948
19,NUEVO LEON,4,9,47,2949
19,NUEVO LEON,4,10,47,1761
19,NUEVO LEON,4,10,47,1762
19,NUEVO LEON,4,10,47,1763
19,NUEVO LEON,4,10,47,1764
19,NUEVO LEON,4,10,47,1765
19,NUEVO LEON,4,10,47,1766
19,NUEVO LEON,4,10,47,1767
19,NUEVO LEON,4,10,47,1768
19,NUEVO LEON,4,10,47,1769
19,NUEVO LEON,4,10,47,1770
19,NUEVO LEON,4,10,47,1771
19,NUEVO LEON,4,10,47,1772
19,NUEVO LEON,4,10,47,1773
19,NUEVO LEON,4,10,47,1774
19,NUEVO LEON,4,10,47,1775
19,NUEVO LEON,4,10,47,1776
19,NUEVO LEON,4,10,47,1777
19,NUEVO LEON,4,10,47,1778
19,NUEVO LEON,4,10,47,1779
19,NUEVO LEON,4,10,47,1780
19,NUEVO LEON,4,10,47,1781
19,NUEVO LEON,4,10,47,1782
19,NUEVO LEON,4,10,47,1783
19,NUEVO LEON,4,10,47,1784
19,NUEVO LEON,4,10,47,1785
19,NUEVO LEON,4,10,47,1786
19,NUEVO LEON,4,10,47,1787
19,NUEVO LEON,4,10,47,1788
19,NUEVO LEON,4,10,47,1789
19,NUEVO LEON,4,10,47,1790
19,NUEVO LEON,4,10,47,1791
19,NUEVO LEON,4,10,47,1792
19,NUEVO LEON,4,10,47,1793
19,NUEVO LEON,4,10,47,1794
19,NUEVO LEON,4,10,47,1795
19,NUEVO LEON,4,10,47,1796
19,NUEVO LEON,4,10,47,1797
19,NUEVO LEON,4,10,47,1798
19,NUEVO LEON,4,10,47,1799
19,NUEVO LEON,4,10,47,1800
19,NUEVO LEON,4,10,47,1801
19,NUEVO LEON,4,10,47,1802
19,NUEVO LEON,4,10,47,1803
19,NUEVO LEON,4,10,47,1804
19,NUEVO LEON,4,10,47,1805
19,NUEVO LEON,4,10,47,1806
19,NUEVO LEON,4,10,47,1807
19,NUEVO LEON,4,10,47,1808
19,NUEVO LEON,4,10,47,1809
19,NUEVO LEON,4,10,47,1810
19,NUEVO LEON,4,10,47,1811
19,NUEVO LEON,4,10,47,1812
19,NUEVO LEON,4,10,47,1813
19,NUEVO LEON,4,10,47,1814
19,NUEVO LEON,4,10,47,1815
19,NUEVO LEON,4,10,47,1816
19,NUEVO LEON,4,10,47,1817
19,NUEVO LEON,4,10,47,1818
19,NUEVO LEON,4,10,47,1819
19,NUEVO LEON,4,10,47,1820
19,NUEVO LEON,4,10,47,1821
19,NUEVO LEON,4,10,47,1822
19,NUEVO LEON,4,10,47,1823
19,NUEVO LEON,4,10,47,1824
19,NUEVO LEON,4,10,47,1825
19,NUEVO LEON,4,10,47,1826
19,NUEVO LEON,4,10,47,1827
19,NUEVO LEON,4,10,47,1828
19,NUEVO LEON,4,10,47,1829
19,NUEVO LEON,4,10,47,1830
19,NUEVO LEON,4,10,47,1831
19,NUEVO LEON,4,10,47,1832
19,NUEVO LEON,4,10,47,1833
19,NUEVO LEON,4,10,47,1834
19,NUEVO LEON,4,10,47,1835
19,NUEVO LEON,4,10,47,1836
19,NUEVO LEON,4,10,47,1837
19,NUEVO LEON,4,10,47,1838
19,NUEVO LEON,4,10,47,1839
19,NUEVO LEON,4,10,47,1840
19,NUEVO LEON,4,10,47,1841
19,NUEVO LEON,4,10,47,1842
19,NUEVO LEON,4,10,47,1843
19,NUEVO LEON,4,10,47,1844
19,NUEVO LEON,4,10,47,1845
19,NUEVO LEON,4,10,47,1846
19,NUEVO LEON,4,10,47,1847
19,NUEVO LEON,4,10,47,1848
19,NUEVO LEON,4,10,47,1849
19,NUEVO LEON,4,10,47,1850
19,NUEVO LEON,4,10,47,1851
19,NUEVO LEON,4,10,47,1853
19,NUEVO LEON,4,10,47,1859
19,NUEVO LEON,4,10,47,1860
19,NUEVO LEON,4,10,47,1861
19,NUEVO LEON,4,10,47,1862
19,NUEVO LEON,4,10,47,1863
19,NUEVO LEON,4,10,47,1864
19,NUEVO LEON,4,10,47,1865
19,NUEVO LEON,4,10,47,1866
19,NUEVO LEON,4,10,47,1867
19,NUEVO LEON,4,10,47,1868
19,NUEVO LEON,4,10,47,1869
19,NUEVO LEON,4,10,47,1870
19,NUEVO LEON,4,10,47,1871
19,NUEVO LEON,4,10,47,1872
19,NUEVO LEON,4,10,47,1873
19,NUEVO LEON,4,10,47,1874
19,NUEVO LEON,4,10,47,1876
19,NUEVO LEON,4,10,47,1877
19,NUEVO LEON,4,10,47,1878
19,NUEVO LEON,4,10,47,1879
19,NUEVO LEON,4,10,47,1880
19,NUEVO LEON,4,10,47,1881
19,NUEVO LEON,4,10,47,1882
19,NUEVO LEON,4,10,47,1883
19,NUEVO LEON,4,10,47,1884
19,NUEVO LEON,4,10,47,1885
19,NUEVO LEON,4,10,47,1886
19,NUEVO LEON,4,10,47,1897
19,NUEVO LEON,4,10,47,1898
19,NUEVO LEON,4,10,47,1899
19,NUEVO LEON,4,10,47,1900
19,NUEVO LEON,4,10,47,1901
19,NUEVO LEON,4,10,47,1912
19,NUEVO LEON,4,10,47,1913
19,NUEVO LEON,4,10,47,2987
19,NUEVO LEON,4,10,47,2988
19,NUEVO LEON,4,10,47,2989
19,NUEVO LEON,4,25,21,2533
19,NUEVO LEON,4,25,21,2534
19,NUEVO LEON,4,25,21,2536
19,NUEVO LEON,4,25,21,2537
19,NUEVO LEON,4,25,21,2539
19,NUEVO LEON,4,25,21,2541
19,NUEVO LEON,4,25,21,2542
19,NUEVO LEON,4,25,21,2543
19,NUEVO LEON,5,1,40,1432
19,NUEVO LEON,5,1,40,1433
19,NUEVO LEON,5,1,40,1434
19,NUEVO LEON,5,1,40,1435
19,NUEVO LEON,5,1,40,1436
19,NUEVO LEON,5,1,40,1437
19,NUEVO LEON,5,1,40,1438
19,NUEVO LEON,5,1,40,1439
19,NUEVO LEON,5,1,40,1440
19,NUEVO LEON,5,1,40,1441
19,NUEVO LEON,5,1,40,1442
19,NUEVO LEON,5,1,40,1443
19,NUEVO LEON,5,1,40,1444
19,NUEVO LEON,5,1,40,1445
19,NUEVO LEON,5,1,40,1446
19,NUEVO LEON,5,1,40,1447
19,NUEVO LEON,5,1,40,1448
19,NUEVO LEON,5,1,40,1449
19,NUEVO LEON,5,1,40,1450
19,NUEVO LEON,5,1,40,1451
19,NUEVO LEON,5,1,40,1452
19,NUEVO LEON,5,1,40,1453
19,NUEVO LEON,5,1,40,1454
19,NUEVO LEON,5,1,40,1455
19,NUEVO LEON,5,1,40,1456
19,NUEVO LEON,5,1,40,1457
19,NUEVO LEON,5,1,40,1458
19,NUEVO LEON,5,1,40,1459
19,NUEVO LEON,5,1,40,1460
19,NUEVO LEON,5,1,40,1461
19,NUEVO LEON,5,1,40,1462
19,NUEVO LEON,5,1,40,1463
19,NUEVO LEON,5,1,40,1464
19,NUEVO LEON,5,1,40,1465
19,NUEVO LEON,5,1,40,1466
19,NUEVO LEON,5,1,40,1467
19,NUEVO LEON,5,1,40,1468
19,NUEVO LEON,5,1,40,1469
19,NUEVO LEON,5,1,40,1471
19,NUEVO LEON,5,1,40,1472
19,NUEVO LEON,5,1,40,1473
19,NUEVO LEON,5,1,40,1482
19,NUEVO LEON,5,1,40,1483
19,NUEVO LEON,5,1,40,1484
19,NUEVO LEON,5,1,40,1485
19,NUEVO LEON,5,1,40,1486
19,NUEVO LEON,5,1,40,1487
19,NUEVO LEON,5,1,40,1490
19,NUEVO LEON,5,1,40,1491
19,NUEVO LEON,5,1,40,2125
19,NUEVO LEON,5,1,40,2127
19,NUEVO LEON,5,1,40,2128
19,NUEVO LEON,5,1,40,2129
19,NUEVO LEON,5,1,40,2130
19,NUEVO LEON,5,1,40,2132
19,NUEVO LEON,5,1,40,2133
19,NUEVO LEON,5,1,40,2950
19,NUEVO LEON,5,1,40,2951
19,NUEVO LEON,5,1,40,2990
19,NUEVO LEON,5,1,40,2991
19,NUEVO LEON,5,1,40,2992
19,NUEVO LEON,5,1,40,2993
19,NUEVO LEON,5,1,40,2994
19,NUEVO LEON,5,1,40,2995
19,NUEVO LEON,5,1,40,2996
19,NUEVO LEON,5,1,40,3055
19,NUEVO LEON,5,1,40,3056
19,NUEVO LEON,5,1,40,3057
19,NUEVO LEON,5,1,40,3058
19,NUEVO LEON,5,1,40,3059
19,NUEVO LEON,5,1,40,3060
19,NUEVO LEON,5,1,40,3162
19,NUEVO LEON,5,1,40,3163
19,NUEVO LEON,5,1,40,3164
19,NUEVO LEON,5,1,40,3165
19,NUEVO LEON,5,1,40,3166
19,NUEVO LEON,5,2,40,975
19,NUEVO LEON,5,2,40,976
19,NUEVO LEON,5,2,40,977
19,NUEVO LEON,5,2,40,978
19,NUEVO LEON,5,2,40,979
19,NUEVO LEON,5,2,40,980
19,NUEVO LEON,5,2,40,981
19,NUEVO LEON,5,2,40,982
19,NUEVO LEON,5,2,40,983
19,NUEVO LEON,5,2,40,984
19,NUEVO LEON,5,2,40,987
19,NUEVO LEON,5,2,40,1470
19,NUEVO LEON,5,2,40,1474
19,NUEVO LEON,5,2,40,1475
19,NUEVO LEON,5,2,40,1476
19,NUEVO LEON,5,2,40,1477
19,NUEVO LEON,5,2,40,1478
19,NUEVO LEON,5,2,40,1479
19,NUEVO LEON,5,2,40,1480
19,NUEVO LEON,5,2,40,1481
19,NUEVO LEON,5,2,40,1493
19,NUEVO LEON,5,2,40,1494
19,NUEVO LEON,5,2,40,1495
19,NUEVO LEON,5,2,40,1496
19,NUEVO LEON,5,2,40,1497
19,NUEVO LEON,5,2,40,1498
19,NUEVO LEON,5,2,40,1499
19,NUEVO LEON,5,2,40,1500
19,NUEVO LEON,5,2,40,1501
19,NUEVO LEON,5,2,40,1502
19,NUEVO LEON,5,2,40,1503
19,NUEVO LEON,5,2,40,1514
19,NUEVO LEON,5,2,40,1515
19,NUEVO LEON,5,2,40,1516
19,NUEVO LEON,5,2,40,1517
19,NUEVO LEON,5,2,40,1518
19,NUEVO LEON,5,2,40,1519
19,NUEVO LEON,5,2,40,1520
19,NUEVO LEON,5,2,40,1521
19,NUEVO LEON,5,2,40,1522
19,NUEVO LEON,5,2,40,1523
19,NUEVO LEON,5,2,40,1524
19,NUEVO LEON,5,2,40,1525
19,NUEVO LEON,5,2,40,1526
19,NUEVO LEON,5,2,40,1527
19,NUEVO LEON,5,2,40,1542
19,NUEVO LEON,5,2,40,1543
19,NUEVO LEON,5,2,40,1544
19,NUEVO LEON,5,2,40,1545
19,NUEVO LEON,5,2,40,1546
19,NUEVO LEON,5,2,40,1547
19,NUEVO LEON,5,2,40,1548
19,NUEVO LEON,5,2,40,1549
19,NUEVO LEON,5,2,40,1550
19,NUEVO LEON,5,2,40,1551
19,NUEVO LEON,5,2,40,1552
19,NUEVO LEON,5,2,40,1553
19,NUEVO LEON,5,2,40,1554
19,NUEVO LEON,5,2,40,1555
19,NUEVO LEON,5,2,40,1556
19,NUEVO LEON,5,2,40,1557
19,NUEVO LEON,5,2,40,1558
19,NUEVO LEON,5,2,40,1559
19,NUEVO LEON,5,2,40,1560
19,NUEVO LEON,5,2,40,1586
19,NUEVO LEON,5,2,40,1588
19,NUEVO LEON,5,2,40,1589
19,NUEVO LEON,5,2,40,1590
19,NUEVO LEON,5,2,40,1591
19,NUEVO LEON,5,2,40,1592
19,NUEVO LEON,5,2,40,1593
19,NUEVO LEON,5,2,40,1612
19,NUEVO LEON,5,2,40,1613
19,NUEVO LEON,5,2,40,1614
19,NUEVO LEON,5,2,40,1615
19,NUEVO LEON,5,2,40,1616
19,NUEVO LEON,5,2,40,1617
19,NUEVO LEON,5,2,40,1618
19,NUEVO LEON,5,2,40,1619
19,NUEVO LEON,5,2,40,1620
19,NUEVO LEON,5,2,40,1621
19,NUEVO LEON,5,2,40,1622
19,NUEVO LEON,5,2,40,1623
19,NUEVO LEON,5,2,40,1624
19,NUEVO LEON,5,2,40,1625
19,NUEVO LEON,5,2,40,1626
19,NUEVO LEON,5,2,40,1627
19,NUEVO LEON,5,6,40,1628
19,NUEVO LEON,5,6,40,1630
19,NUEVO LEON,5,6,40,1631
19,NUEVO LEON,6,2,40,985
19,NUEVO LEON,6,2,40,986
19,NUEVO LEON,6,2,40,988
19,NUEVO LEON,6,2,40,989
19,NUEVO LEON,6,2,40,990
19,NUEVO LEON,6,2,40,991
19,NUEVO LEON,6,2,40,992
19,NUEVO LEON,6,2,40,993
19,NUEVO LEON,6,2,40,1492
19,NUEVO LEON,6,2,40,1504
19,NUEVO LEON,6,2,40,1505
19,NUEVO LEON,6,2,40,1510
19,NUEVO LEON,6,2,40,1511
19,NUEVO LEON,6,2,40,1512
19,NUEVO LEON,6,2,40,1513
19,NUEVO LEON,6,2,40,1528
19,NUEVO LEON,6,2,40,1540
19,NUEVO LEON,6,2,40,1541
19,NUEVO LEON,6,2,40,1561
19,NUEVO LEON,6,2,40,1562
19,NUEVO LEON,6,2,40,1563
19,NUEVO LEON,6,2,40,1564
19,NUEVO LEON,6,2,40,1565
19,NUEVO LEON,6,2,40,1566
19,NUEVO LEON,6,2,40,1582
19,NUEVO LEON,6,2,40,1583
19,NUEVO LEON,6,2,40,1584
19,NUEVO LEON,6,2,40,1585
19,NUEVO LEON,6,2,40,1587
19,NUEVO LEON,6,2,40,1594
19,NUEVO LEON,6,2,40,1595
19,NUEVO LEON,6,2,40,1596
19,NUEVO LEON,6,2,40,1606
19,NUEVO LEON,6,2,40,1607
19,NUEVO LEON,6,2,40,1608
19,NUEVO LEON,6,2,40,1609
19,NUEVO LEON,6,2,40,1610
19,NUEVO LEON,6,2,40,1611
19,NUEVO LEON,6,3,40,1002
19,NUEVO LEON,6,3,40,1003
19,NUEVO LEON,6,3,40,1004
19,NUEVO LEON,6,3,40,1005
19,NUEVO LEON,6,3,40,1006
19,NUEVO LEON,6,3,40,1007
19,NUEVO LEON,6,3,40,1008
19,NUEVO LEON,6,3,40,1009
19,NUEVO LEON,6,3,40,1010
19,NUEVO LEON,6,3,40,1011
19,NUEVO LEON,6,3,40,1012
19,NUEVO LEON,6,3,40,1013
19,NUEVO LEON,6,3,40,1014
19,NUEVO LEON,6,3,40,1015
19,NUEVO LEON,6,3,40,1016
19,NUEVO LEON,6,3,40,1017
19,NUEVO LEON,6,3,40,1035
19,NUEVO LEON,6,3,40,1036
19,NUEVO LEON,6,3,40,1037
19,NUEVO LEON,6,3,40,1038
19,NUEVO LEON,6,3,40,1039
19,NUEVO LEON,6,3,40,1040
19,NUEVO LEON,6,3,40,1041
19,NUEVO LEON,6,3,40,1042
19,NUEVO LEON,6,3,40,1043
19,NUEVO LEON,6,3,40,1044
19,NUEVO LEON,6,3,40,1045
19,NUEVO LEON,6,3,40,1046
19,NUEVO LEON,6,3,40,1047
19,NUEVO LEON,6,3,40,1048
19,NUEVO LEON,6,3,40,1049
19,NUEVO LEON,6,3,40,1050
19,NUEVO LEON,6,3,40,1083
19,NUEVO LEON,6,3,40,1084
19,NUEVO LEON,6,3,40,1085
19,NUEVO LEON,6,3,40,1086
19,NUEVO LEON,6,3,40,1087
19,NUEVO LEON,6,3,40,1088
19,NUEVO LEON,6,3,40,1089
19,NUEVO LEON,6,3,40,1090
19,NUEVO LEON,6,3,40,1091
19,NUEVO LEON,6,3,40,1092
19,NUEVO LEON,6,3,40,1093
19,NUEVO LEON,6,3,40,1094
19,NUEVO LEON,6,3,40,1095
19,NUEVO LEON,6,3,40,1096
19,NUEVO LEON,6,3,40,1097
19,NUEVO LEON,6,3,40,1098
19,NUEVO LEON,6,3,40,1099
19,NUEVO LEON,6,3,40,1116
19,NUEVO LEON,6,3,40,1130
19,NUEVO LEON,6,3,40,1488
19,NUEVO LEON,6,3,40,1489
19,NUEVO LEON,6,3,40,1506
19,NUEVO LEON,6,3,40,1508
19,NUEVO LEON,6,3,40,1509
19,NUEVO LEON,6,3,40,1529
19,NUEVO LEON,6,3,40,1530
19,NUEVO LEON,6,3,40,1531
19,NUEVO LEON,6,3,40,1532
19,NUEVO LEON,6,3,40,1533
19,NUEVO LEON,6,3,40,1534
19,NUEVO LEON,6,3,40,1535
19,NUEVO LEON,6,3,40,1536
19,NUEVO LEON,6,3,40,1537
19,NUEVO LEON,6,3,40,1538
19,NUEVO LEON,6,3,40,1539
19,NUEVO LEON,6,3,40,1567
19,NUEVO LEON,6,3,40,1568
19,NUEVO LEON,6,3,40,1569
19,NUEVO LEON,6,3,40,1570
19,NUEVO LEON,6,3,40,1571
19,NUEVO LEON,6,3,40,1572
19,NUEVO LEON,6,3,40,1573
19,NUEVO LEON,6,3,40,1574
19,NUEVO LEON,6,3,40,1575
19,NUEVO LEON,6,3,40,1576
19,NUEVO LEON,6,3,40,1577
19,NUEVO LEON,6,3,40,1578
19,NUEVO LEON,6,3,40,1579
19,NUEVO LEON,6,3,40,1580
19,NUEVO LEON,6,3,40,1581
19,NUEVO LEON,6,3,40,1597
19,NUEVO LEON,6,3,40,1598
19,NUEVO LEON,6,3,40,1599
19,NUEVO LEON,6,3,40,1600
19,NUEVO LEON,6,3,40,1601
19,NUEVO LEON,6,3,40,1602
19,NUEVO LEON,6,3,40,1603
19,NUEVO LEON,6,3,40,1604
19,NUEVO LEON,6,3,40,1605
19,NUEVO LEON,6,3,40,2717
19,NUEVO LEON,6,3,40,2799
19,NUEVO LEON,6,3,40,2800
19,NUEVO LEON,6,3,40,2801
19,NUEVO LEON,6,3,40,2802
19,NUEVO LEON,6,3,40,2803
19,NUEVO LEON,6,3,40,2804
19,NUEVO LEON,6,3,40,2805
19,NUEVO LEON,6,3,40,2806
19,NUEVO LEON,6,3,40,2807
19,NUEVO LEON,6,3,40,2808
19,NUEVO LEON,6,3,40,2997
19,NUEVO LEON,6,3,40,2998
19,NUEVO LEON,6,3,40,2999
19,NUEVO LEON,6,6,40,994
19,NUEVO LEON,6,6,40,995
19,NUEVO LEON,6,6,40,996
19,NUEVO LEON,6,6,40,997
19,NUEVO LEON,6,6,40,998
19,NUEVO LEON,6,6,40,999
19,NUEVO LEON,6,6,40,1000
19,NUEVO LEON,6,6,40,1001
19,NUEVO LEON,6,6,40,1018
19,NUEVO LEON,6,6,40,1019
19,NUEVO LEON,6,6,40,1020
19,NUEVO LEON,6,6,40,1021
19,NUEVO LEON,6,6,40,1022
19,NUEVO LEON,6,6,40,1023
19,NUEVO LEON,6,6,40,1024
19,NUEVO LEON,6,6,40,1025
19,NUEVO LEON,6,6,40,1026
19,NUEVO LEON,6,6,40,1027
19,NUEVO LEON,6,6,40,1028
19,NUEVO LEON,6,6,40,1029
19,NUEVO LEON,6,6,40,1030
19,NUEVO LEON,6,6,40,1031
19,NUEVO LEON,6,6,40,1032
19,NUEVO LEON,6,6,40,1033
19,NUEVO LEON,6,6,40,1034
19,NUEVO LEON,6,6,40,1051
19,NUEVO LEON,6,6,40,1052
19,NUEVO LEON,6,6,40,1053
19,NUEVO LEON,6,6,40,1054
19,NUEVO LEON,6,6,40,1055
19,NUEVO LEON,6,6,40,1056
19,NUEVO LEON,6,6,40,1057
19,NUEVO LEON,6,6,40,1058
19,NUEVO LEON,6,6,40,1059
19,NUEVO LEON,6,6,40,1060
19,NUEVO LEON,6,6,40,1061
19,NUEVO LEON,6,6,40,1062
19,NUEVO LEON,6,6,40,1063
19,NUEVO LEON,6,6,40,1064
19,NUEVO LEON,6,6,40,1065
19,NUEVO LEON,6,6,40,1066
19,NUEVO LEON,6,6,40,1067
19,NUEVO LEON,6,6,40,1068
19,NUEVO LEON,6,6,40,1069
19,NUEVO LEON,6,6,40,1070
19,NUEVO LEON,6,6,40,1071
19,NUEVO LEON,6,6,40,1072
19,NUEVO LEON,6,6,40,1073
19,NUEVO LEON,6,6,40,1074
19,NUEVO LEON,6,6,40,1075
19,NUEVO LEON,6,6,40,1076
19,NUEVO LEON,6,6,40,1077
19,NUEVO LEON,6,6,40,1078
19,NUEVO LEON,6,6,40,1079
19,NUEVO LEON,6,6,40,1080
19,NUEVO LEON,6,6,40,1081
19,NUEVO LEON,6,6,40,1082
19,NUEVO LEON,6,6,40,1100
19,NUEVO LEON,6,6,40,1101
19,NUEVO LEON,6,6,40,1102
19,NUEVO LEON,6,6,40,1103
19,NUEVO LEON,6,6,40,1104
19,NUEVO LEON,6,6,40,1105
19,NUEVO LEON,6,6,40,1106
19,NUEVO LEON,6,6,40,1107
19,NUEVO LEON,6,6,40,1108
19,NUEVO LEON,6,6,40,1109
19,NUEVO LEON,6,6,40,1110
19,NUEVO LEON,6,6,40,1111
19,NUEVO LEON,6,6,40,1112
19,NUEVO LEON,6,6,40,1113
19,NUEVO LEON,6,6,40,1114
19,NUEVO LEON,6,6,40,1115
19,NUEVO LEON,6,6,40,1117
19,NUEVO LEON,6,6,40,1118
19,NUEVO LEON,6,6,40,1119
19,NUEVO LEON,6,6,40,1120
19,NUEVO LEON,6,6,40,1121
19,NUEVO LEON,6,6,40,1122
19,NUEVO LEON,6,6,40,1123
19,NUEVO LEON,6,6,40,1124
19,NUEVO LEON,6,6,40,1125
19,NUEVO LEON,6,6,40,1126
19,NUEVO LEON,6,6,40,1127
19,NUEVO LEON,6,6,40,1128
19,NUEVO LEON,6,6,40,1129
19,NUEVO LEON,6,6,40,1131
19,NUEVO LEON,6,6,40,1139
19,NUEVO LEON,6,6,40,1140
19,NUEVO LEON,6,6,40,1141
19,NUEVO LEON,6,6,40,1143
19,NUEVO LEON,6,6,40,1144
19,NUEVO LEON,6,6,40,1145
19,NUEVO LEON,6,6,40,1146
19,NUEVO LEON,6,6,40,1156
19,NUEVO LEON,6,6,40,1157
19,NUEVO LEON,6,6,40,1158
19,NUEVO LEON,6,6,40,1159
19,NUEVO LEON,6,6,40,1160
19,NUEVO LEON,6,6,40,1161
19,NUEVO LEON,6,6,40,1180
19,NUEVO LEON,6,6,40,1181
19,NUEVO LEON,6,6,40,1182
19,NUEVO LEON,6,6,40,1183
19,NUEVO LEON,6,6,40,1195
19,NUEVO LEON,6,6,40,1196
19,NUEVO LEON,6,6,40,1203
19,NUEVO LEON,6,6,40,1204
19,NUEVO LEON,6,6,40,1205
19,NUEVO LEON,6,6,40,1206
19,NUEVO LEON,6,6,40,1226
19,NUEVO LEON,6,6,40,1227
19,NUEVO LEON,6,6,40,1228
19,NUEVO LEON,6,6,40,1229
19,NUEVO LEON,6,6,40,1629
19,NUEVO LEON,6,6,40,1632
19,NUEVO LEON,6,6,40,1633
19,NUEVO LEON,6,6,40,1634
19,NUEVO LEON,6,6,40,1635
19,NUEVO LEON,6,6,40,1636
19,NUEVO LEON,6,6,40,1637
19,NUEVO LEON,6,6,40,1638
19,NUEVO LEON,6,6,40,1639
19,NUEVO LEON,6,6,40,1643
19,NUEVO LEON,6,6,40,1644
19,NUEVO LEON,6,6,40,1645
19,NUEVO LEON,6,6,40,1646
19,NUEVO LEON,6,6,40,1647
19,NUEVO LEON,6,6,40,1648
19,NUEVO LEON,6,6,40,1649
19,NUEVO LEON,7,12,18,348
19,NUEVO LEON,7,12,18,349
19,NUEVO LEON,7,12,18,350
19,NUEVO LEON,7,12,18,352
19,NUEVO LEON,7,12,18,354
19,NUEVO LEON,7,12,18,355
19,NUEVO LEON,7,12,18,2274
19,NUEVO LEON,7,12,18,2275
19,NUEVO LEON,7,12,18,2276
19,NUEVO LEON,7,12,18,2277
19,NUEVO LEON,7,12,18,2278
19,NUEVO LEON,7,12,18,2279
19,NUEVO LEON,7,12,18,2280
19,NUEVO LEON,7,12,18,2281
19,NUEVO LEON,7,12,18,2282
19,NUEVO LEON,7,12,18,2283
19,NUEVO LEON,7,12,18,2284
19,NUEVO LEON,7,12,18,2285
19,NUEVO LEON,7,12,18,2286
19,NUEVO LEON,7,12,18,2287
19,NUEVO LEON,7,12,18,2288
19,NUEVO LEON,7,12,18,2289
19,NUEVO LEON,7,12,18,2290
19,NUEVO LEON,7,12,18,2291
19,NUEVO LEON,7,12,18,2292
19,NUEVO LEON,7,12,18,2293
19,NUEVO LEON,7,12,18,2294
19,NUEVO LEON,7,12,18,2295
19,NUEVO LEON,7,12,18,2296
19,NUEVO LEON,7,12,18,2297
19,NUEVO LEON,7,12,18,2298
19,NUEVO LEON,7,12,18,2299
19,NUEVO LEON,7,12,18,2300
19,NUEVO LEON,7,12,18,2301
19,NUEVO LEON,7,12,18,2302
19,NUEVO LEON,7,12,18,2303
19,NUEVO LEON,7,12,18,2304
19,NUEVO LEON,7,12,18,2306
19,NUEVO LEON,7,12,18,2547
19,NUEVO LEON,7,12,18,2548
19,NUEVO LEON,7,12,18,2823
19,NUEVO LEON,7,12,18,2824
19,NUEVO LEON,7,12,18,2825
19,NUEVO LEON,7,12,18,2826
19,NUEVO LEON,7,12,18,2827
19,NUEVO LEON,7,12,18,2828
19,NUEVO LEON,7,12,18,2829
19,NUEVO LEON,7,12,18,2830
19,NUEVO LEON,7,12,18,2831
19,NUEVO LEON,7,12,18,2842
19,NUEVO LEON,7,12,18,2844
19,NUEVO LEON,7,12,18,3000
19,NUEVO LEON,7,12,18,3001
19,NUEVO LEON,7,12,18,3002
19,NUEVO LEON,7,12,18,3003
19,NUEVO LEON,7,12,18,3004
19,NUEVO LEON,7,12,18,3005
19,NUEVO LEON,7,12,18,3006
19,NUEVO LEON,7,12,18,3007
19,NUEVO LEON,7,12,18,3008
19,NUEVO LEON,7,12,18,3090
19,NUEVO LEON,7,12,18,3091
19,NUEVO LEON,7,12,18,3092
19,NUEVO LEON,7,12,18,3093
19,NUEVO LEON,7,12,18,3094
19,NUEVO LEON,7,12,18,3095
19,NUEVO LEON,7,12,18,3096
19,NUEVO LEON,7,12,18,3097
19,NUEVO LEON,7,12,18,3098
19,NUEVO LEON,7,12,18,3099
19,NUEVO LEON,7,12,18,3100
19,NUEVO LEON,7,12,18,3101
19,NUEVO LEON,7,12,18,3102
19,NUEVO LEON,7,12,18,3103
19,NUEVO LEON,7,20,18,2550
19,NUEVO LEON,7,20,18,2551
19,NUEVO LEON,7,20,18,2552
19,NUEVO LEON,7,20,18,2553
19,NUEVO LEON,7,20,18,2554
19,NUEVO LEON,7,20,18,2555
19,NUEVO LEON,7,20,18,2556
19,NUEVO LEON,7,20,18,2557
19,NUEVO LEON,7,20,18,2558
19,NUEVO LEON,7,20,18,2559
19,NUEVO LEON,7,20,18,2560
19,NUEVO LEON,7,20,18,2561
19,NUEVO LEON,7,20,18,2562
19,NUEVO LEON,7,20,18,2563
19,NUEVO LEON,7,20,18,2564
19,NUEVO LEON,7,20,18,2565
19,NUEVO LEON,7,20,18,2566
19,NUEVO LEON,7,20,18,2567
19,NUEVO LEON,7,20,18,2568
19,NUEVO LEON,7,20,18,2569
19,NUEVO LEON,7,20,18,2570
19,NUEVO LEON,7,20,18,2571
19,NUEVO LEON,7,20,18,2572
19,NUEVO LEON,7,20,18,2573
19,NUEVO LEON,7,20,18,2574
19,NUEVO LEON,7,20,18,2575
19,NUEVO LEON,7,20,18,2576
19,NUEVO LEON,7,20,18,2577
19,NUEVO LEON,7,20,18,2578
19,NUEVO LEON,7,20,18,2579
19,NUEVO LEON,7,20,18,2580
19,NUEVO LEON,7,20,18,2581
19,NUEVO LEON,7,20,18,2582
19,NUEVO LEON,7,20,18,2583
19,NUEVO LEON,7,20,18,2584
19,NUEVO LEON,7,20,18,2585
19,NUEVO LEON,7,20,18,2586
19,NUEVO LEON,7,20,18,2587
19,NUEVO LEON,7,20,18,2588
19,NUEVO LEON,7,20,18,2589
19,NUEVO LEON,7,20,18,2590
19,NUEVO LEON,7,20,18,2591
19,NUEVO LEON,7,20,18,2592
19,NUEVO LEON,7,20,18,2593
19,NUEVO LEON,7,20,18,2594
19,NUEVO LEON,7,20,18,2595
19,NUEVO LEON,7,20,18,2596
19,NUEVO LEON,7,20,18,2597
19,NUEVO LEON,7,20,18,2599
19,NUEVO LEON,7,20,18,2600
19,NUEVO LEON,7,20,18,2601
19,NUEVO LEON,7,20,18,2602
19,NUEVO LEON,7,20,18,2603
19,NUEVO LEON,7,20,18,2604
19,NUEVO LEON,7,20,18,2605
19,NUEVO LEON,7,20,18,2606
19,NUEVO LEON,7,20,18,2607
19,NUEVO LEON,7,20,18,2608
19,NUEVO LEON,7,20,18,2609
19,NUEVO LEON,7,20,18,2610
19,NUEVO LEON,7,20,18,2611
19,NUEVO LEON,7,20,18,2612
19,NUEVO LEON,7,20,18,2613
19,NUEVO LEON,7,20,18,2614
19,NUEVO LEON,7,20,18,2615
19,NUEVO LEON,7,20,18,2616
19,NUEVO LEON,7,20,18,2617
19,NUEVO LEON,7,20,18,2618
19,NUEVO LEON,7,20,18,2832
19,NUEVO LEON,7,20,18,2833
19,NUEVO LEON,7,20,18,2834
19,NUEVO LEON,7,20,18,2835
19,NUEVO LEON,7,20,18,2836
19,NUEVO LEON,7,20,18,2837
19,NUEVO LEON,7,20,18,2838
19,NUEVO LEON,7,20,18,2839
19,NUEVO LEON,7,20,18,2840
19,NUEVO LEON,7,20,18,2841
19,NUEVO LEON,7,20,18,2843
19,NUEVO LEON,7,20,18,2845
19,NUEVO LEON,7,20,18,3167
19,NUEVO LEON,7,20,18,3168
19,NUEVO LEON,7,20,18,3169
19,NUEVO LEON,7,20,18,3170
19,NUEVO LEON,7,20,18,3171
19,NUEVO LEON,7,20,18,3172
19,NUEVO LEON,7,20,18,3173
19,NUEVO LEON,7,20,18,3174
19,NUEVO LEON,7,20,18,3175
19,NUEVO LEON,7,20,18,3176
19,NUEVO LEON,7,20,18,3177
19,NUEVO LEON,7,20,18,3178
19,NUEVO LEON,7,20,18,3179
19,NUEVO LEON,7,20,18,3180
19,NUEVO LEON,7,20,18,3181
19,NUEVO LEON,7,20,18,3182
19,NUEVO LEON,7,20,18,3183
19,NUEVO LEON,7,20,18,3184
19,NUEVO LEON,7,20,18,3185
19,NUEVO LEON,7,20,18,3186
19,NUEVO LEON,7,20,18,3187
19,NUEVO LEON,7,20,18,3188
19,NUEVO LEON,7,20,18,3189
19,NUEVO LEON,7,20,18,3190
19,NUEVO LEON,7,20,18,3191
19,NUEVO LEON,7,20,18,3192
19,NUEVO LEON,7,20,18,3193
19,NUEVO LEON,7,20,18,3194
19,NUEVO LEON,7,20,18,3195
19,NUEVO LEON,8,5,6,131
19,NUEVO LEON,8,5,6,134
19,NUEVO LEON,8,5,6,135
19,NUEVO LEON,8,7,6,136
19,NUEVO LEON,8,7,6,137
19,NUEVO LEON,8,7,6,138
19,NUEVO LEON,8,7,6,139
19,NUEVO LEON,8,7,6,140
19,NUEVO LEON,8,7,6,143
19,NUEVO LEON,8,7,6,145
19,NUEVO LEON,8,7,6,146
19,NUEVO LEON,8,7,6,147
19,NUEVO LEON,8,7,6,148
19,NUEVO LEON,8,7,6,2199
19,NUEVO LEON,8,7,6,2200
19,NUEVO LEON,8,7,6,2201
19,NUEVO LEON,8,7,6,2202
19,NUEVO LEON,8,7,6,2203
19,NUEVO LEON,8,7,6,2204
19,NUEVO LEON,8,7,6,2205
19,NUEVO LEON,8,7,6,2206
19,NUEVO LEON,8,7,6,2207
19,NUEVO LEON,8,7,6,2208
19,NUEVO LEON,8,7,6,2209
19,NUEVO LEON,8,7,6,2210
19,NUEVO LEON,8,7,6,2211
19,NUEVO LEON,8,7,6,2212
19,NUEVO LEON,8,7,6,2213
19,NUEVO LEON,8,7,6,2214
19,NUEVO LEON,8,7,6,2215
19,NUEVO LEON,8,7,6,2216
19,NUEVO LEON,8,7,6,2217
19,NUEVO LEON,8,7,6,2218
19,NUEVO LEON,8,7,6,2219
19,NUEVO LEON,8,7,6,2220
19,NUEVO LEON,8,7,6,2221
19,NUEVO LEON,8,7,6,2222
19,NUEVO LEON,8,7,6,2223
19,NUEVO LEON,8,7,6,2224
19,NUEVO LEON,8,7,6,2225
19,NUEVO LEON,8,7,6,2226
19,NUEVO LEON,8,7,6,2227
19,NUEVO LEON,8,7,6,2228
19,NUEVO LEON,8,7,6,2229
19,NUEVO LEON,8,7,6,2230
19,NUEVO LEON,8,7,6,2231
19,NUEVO LEON,8,7,6,2232
19,NUEVO LEON,8,7,6,2233
19,NUEVO LEON,8,7,6,2234
19,NUEVO LEON,8,7,6,2235
19,NUEVO LEON,8,7,6,2236
19,NUEVO LEON,8,7,6,2237
19,NUEVO LEON,8,7,6,2238
19,NUEVO LEON,8,7,6,2239
19,NUEVO LEON,8,7,6,2240
19,NUEVO LEON,8,7,6,2241
19,NUEVO LEON,8,7,6,2242
19,NUEVO LEON,8,7,6,2243
19,NUEVO LEON,8,7,6,2244
19,NUEVO LEON,8,7,6,2245
19,NUEVO LEON,8,7,6,2246
19,NUEVO LEON,8,7,6,2247
19,NUEVO LEON,8,7,6,2248
19,NUEVO LEON,8,7,6,2249
19,NUEVO LEON,8,7,6,2250
19,NUEVO LEON,8,7,6,2251
19,NUEVO LEON,8,7,6,2252
19,NUEVO LEON,8,7,6,2253
19,NUEVO LEON,8,7,6,2254
19,NUEVO LEON,8,7,6,2255
19,NUEVO LEON,8,7,6,2256
19,NUEVO LEON,8,7,6,2257
19,NUEVO LEON,8,7,6,2258
19,NUEVO LEON,8,7,6,2259
19,NUEVO LEON,8,7,6,2260
19,NUEVO LEON,8,7,6,2261
19,NUEVO LEON,8,7,6,2262
19,NUEVO LEON,8,7,6,2263
19,NUEVO LEON,8,7,6,2264
19,NUEVO LEON,8,7,6,2265
19,NUEVO LEON,8,7,6,2266
19,NUEVO LEON,8,7,6,2267
19,NUEVO LEON,8,7,6,2268
19,NUEVO LEON,8,7,6,2269
19,NUEVO LEON,8,7,6,2270
19,NUEVO LEON,8,7,6,2271
19,NUEVO LEON,8,7,6,2272
19,NUEVO LEON,8,7,6,2273
19,NUEVO LEON,8,7,6,2733
19,NUEVO LEON,8,7,6,2928
19,NUEVO LEON,8,7,6,2929
19,NUEVO LEON,8,7,6,2930
19,NUEVO LEON,8,7,6,2931
19,NUEVO LEON,8,7,6,2952
19,NUEVO LEON,8,7,6,2953
19,NUEVO LEON,8,7,6,2954
19,NUEVO LEON,8,7,6,2955
19,NUEVO LEON,8,7,6,2956
19,NUEVO LEON,8,7,6,3196
19,NUEVO LEON,8,7,6,3197
19,NUEVO LEON,8,7,6,3198
19,NUEVO LEON,8,7,6,3199
19,NUEVO LEON,8,7,6,3200
19,NUEVO LEON,8,7,6,3201
19,NUEVO LEON,8,7,6,3202
19,NUEVO LEON,8,7,6,3203
19,NUEVO LEON,8,7,6,3204
19,NUEVO LEON,8,13,26,707
19,NUEVO LEON,8,13,26,708
19,NUEVO LEON,8,13,26,709
19,NUEVO LEON,8,13,26,710
19,NUEVO LEON,8,13,26,711
19,NUEVO LEON,8,13,26,712
19,NUEVO LEON,8,13,26,713
19,NUEVO LEON,8,14,26,604
19,NUEVO LEON,8,14,26,606
19,NUEVO LEON,8,14,26,608
19,NUEVO LEON,8,14,26,609
19,NUEVO LEON,8,14,26,610
19,NUEVO LEON,8,14,26,611
19,NUEVO LEON,8,14,26,612
19,NUEVO LEON,8,14,26,613
19,NUEVO LEON,8,14,26,614
19,NUEVO LEON,8,14,26,615
19,NUEVO LEON,8,14,26,616
19,NUEVO LEON,8,14,26,617
19,NUEVO LEON,8,14,26,618
19,NUEVO LEON,8,14,26,619
19,NUEVO LEON,8,14,26,620
19,NUEVO LEON,8,14,26,621
19,NUEVO LEON,8,14,26,622
19,NUEVO LEON,8,14,26,644
19,NUEVO LEON,8,14,26,645
19,NUEVO LEON,8,14,26,646
19,NUEVO LEON,8,14,26,647
19,NUEVO LEON,8,14,26,649
19,NUEVO LEON,8,14,26,650
19,NUEVO LEON,8,14,26,651
19,NUEVO LEON,8,14,26,669
19,NUEVO LEON,8,14,26,670
19,NUEVO LEON,8,14,26,671
19,NUEVO LEON,8,14,26,672
19,NUEVO LEON,8,14,26,673
19,NUEVO LEON,8,14,26,674
19,NUEVO LEON,8,14,26,675
19,NUEVO LEON,8,14,26,676
19,NUEVO LEON,8,14,26,677
19,NUEVO LEON,8,14,26,678
19,NUEVO LEON,8,14,26,679
19,NUEVO LEON,8,14,26,693
19,NUEVO LEON,8,14,26,698
19,NUEVO LEON,8,14,26,701
19,NUEVO LEON,8,14,26,702
19,NUEVO LEON,8,14,26,704
19,NUEVO LEON,8,14,26,705
19,NUEVO LEON,8,14,26,706
19,NUEVO LEON,8,14,26,2695
19,NUEVO LEON,8,14,26,2696
19,NUEVO LEON,8,14,26,2697
19,NUEVO LEON,8,14,26,2698
19,NUEVO LEON,8,14,26,2699
19,NUEVO LEON,8,14,26,2700
19,NUEVO LEON,8,14,26,2701
19,NUEVO LEON,8,14,26,2702
19,NUEVO LEON,8,14,26,2703
19,NUEVO LEON,8,14,26,2704
19,NUEVO LEON,8,14,26,2705
19,NUEVO LEON,8,14,26,2706
19,NUEVO LEON,8,14,26,2707
19,NUEVO LEON,8,14,26,2708
19,NUEVO LEON,8,14,26,2709
19,NUEVO LEON,8,14,26,2732
19,NUEVO LEON,8,14,26,2898
19,NUEVO LEON,8,14,26,2899
19,NUEVO LEON,8,14,26,2902
19,NUEVO LEON,8,14,26,2908
19,NUEVO LEON,8,14,26,2957
19,NUEVO LEON,8,14,26,2958
19,NUEVO LEON,8,14,26,2959
19,NUEVO LEON,8,14,26,2960
19,NUEVO LEON,8,14,26,2961
19,NUEVO LEON,8,14,26,2962
19,NUEVO LEON,8,14,26,2963
19,NUEVO LEON,8,14,26,2964
19,NUEVO LEON,8,14,26,2965
19,NUEVO LEON,8,14,26,3009
19,NUEVO LEON,8,14,26,3010
19,NUEVO LEON,8,14,26,3011
19,NUEVO LEON,8,14,26,3012
19,NUEVO LEON,8,14,26,3205
19,NUEVO LEON,8,14,26,3206
19,NUEVO LEON,8,14,26,3207
19,NUEVO LEON,8,14,26,3208
19,NUEVO LEON,8,14,26,3209
19,NUEVO LEON,8,14,26,3210
19,NUEVO LEON,8,15,26,2900
19,NUEVO LEON,8,15,26,2903
19,NUEVO LEON,9,11,22,494
19,NUEVO LEON,9,11,22,495
19,NUEVO LEON,9,11,22,496
19,NUEVO LEON,9,11,22,497
19,NUEVO LEON,9,11,22,498
19,NUEVO LEON,9,11,22,502
19,NUEVO LEON,9,11,22,503
19,NUEVO LEON,9,11,22,504
19,NUEVO LEON,9,11,22,505
19,NUEVO LEON,9,11,22,506
19,NUEVO LEON,9,11,22,507
19,NUEVO LEON,9,11,22,508
19,NUEVO LEON,9,11,22,509
19,NUEVO LEON,9,11,22,513
19,NUEVO LEON,9,11,22,514
19,NUEVO LEON,9,24,7,151
19,NUEVO LEON,9,24,7,152
19,NUEVO LEON,9,24,7,153
19,NUEVO LEON,9,24,7,154
19,NUEVO LEON,9,24,7,155
19,NUEVO LEON,9,24,7,156
19,NUEVO LEON,9,24,7,157
19,NUEVO LEON,9,24,7,158
19,NUEVO LEON,9,24,7,159
19,NUEVO LEON,9,24,7,160
19,NUEVO LEON,9,24,7,161
19,NUEVO LEON,9,24,7,162
19,NUEVO LEON,9,24,7,163
19,NUEVO LEON,9,24,7,164
19,NUEVO LEON,9,24,7,165
19,NUEVO LEON,9,24,7,166
19,NUEVO LEON,9,24,7,167
19,NUEVO LEON,9,24,14,257
19,NUEVO LEON,9,24,14,258
19,NUEVO LEON,9,24,14,259
19,NUEVO LEON,9,24,14,260
19,NUEVO LEON,9,24,14,261
19,NUEVO LEON,9,24,14,262
19,NUEVO LEON,9,24,14,263
19,NUEVO LEON,9,24,14,264
19,NUEVO LEON,9,24,14,265
19,NUEVO LEON,9,24,14,266
19,NUEVO LEON,9,24,14,267
19,NUEVO LEON,9,24,14,268
19,NUEVO LEON,9,24,14,269
19,NUEVO LEON,9,24,14,270
19,NUEVO LEON,9,24,14,271
19,NUEVO LEON,9,24,14,272
19,NUEVO LEON,9,24,14,273
19,NUEVO LEON,9,24,14,274
19,NUEVO LEON,9,24,14,275
19,NUEVO LEON,9,24,14,276
19,NUEVO LEON,9,24,14,277
19,NUEVO LEON,9,24,14,278
19,NUEVO LEON,9,24,14,279
19,NUEVO LEON,9,24,14,280
19,NUEVO LEON,9,24,14,281
19,NUEVO LEON,9,24,14,282
19,NUEVO LEON,9,24,14,283
19,NUEVO LEON,9,24,14,284
19,NUEVO LEON,9,24,14,285
19,NUEVO LEON,9,24,14,286
19,NUEVO LEON,9,24,14,287
19,NUEVO LEON,9,24,14,288
19,NUEVO LEON,9,24,14,289
19,NUEVO LEON,9,24,14,290
19,NUEVO LEON,9,24,14,291
19,NUEVO LEON,9,24,14,292
19,NUEVO LEON,9,24,14,293
19,NUEVO LEON,9,24,17,309
19,NUEVO LEON,9,24,17,310
19,NUEVO LEON,9,24,17,311
19,NUEVO LEON,9,24,17,312
19,NUEVO LEON,9,24,17,313
19,NUEVO LEON,9,24,17,314
19,NUEVO LEON,9,24,17,315
19,NUEVO LEON,9,24,17,316
19,NUEVO LEON,9,24,17,317
19,NUEVO LEON,9,24,17,318
19,NUEVO LEON,9,24,17,319
19,NUEVO LEON,9,24,17,320
19,NUEVO LEON,9,24,17,321
19,NUEVO LEON,9,24,17,322
19,NUEVO LEON,9,24,17,323
19,NUEVO LEON,9,24,17,324
19,NUEVO LEON,9,24,17,325
19,NUEVO LEON,9,24,17,326
19,NUEVO LEON,9,24,17,327
19,NUEVO LEON,9,24,17,328
19,NUEVO LEON,9,24,17,329
19,NUEVO LEON,9,24,17,330
19,NUEVO LEON,9,24,17,331
19,NUEVO LEON,9,24,17,332
19,NUEVO LEON,9,24,17,333
19,NUEVO LEON,9,24,17,334
19,NUEVO LEON,9,24,17,335
19,NUEVO LEON,9,24,17,336
19,NUEVO LEON,9,24,17,337
19,NUEVO LEON,9,24,17,338
19,NUEVO LEON,9,24,17,339
19,NUEVO LEON,9,24,17,340
19,NUEVO LEON,9,24,17,341
19,NUEVO LEON,9,24,17,342
19,NUEVO LEON,9,24,17,343
19,NUEVO LEON,9,24,17,344
19,NUEVO LEON,9,24,17,345
19,NUEVO LEON,9,24,24,518
19,NUEVO LEON,9,24,24,519
19,NUEVO LEON,9,24,24,520
19,NUEVO LEON,9,24,24,521
19,NUEVO LEON,9,24,24,522
19,NUEVO LEON,9,24,30,822
19,NUEVO LEON,9,24,30,823
19,NUEVO LEON,9,24,30,824
19,NUEVO LEON,9,24,30,825
19,NUEVO LEON,9,24,30,826
19,NUEVO LEON,9,24,30,827
19,NUEVO LEON,9,24,30,828
19,NUEVO LEON,9,24,30,829
19,NUEVO LEON,9,24,30,830
19,NUEVO LEON,9,24,31,831
19,NUEVO LEON,9,24,31,832
19,NUEVO LEON,9,24,31,833
19,NUEVO LEON,9,24,31,834
19,NUEVO LEON,9,24,34,860
19,NUEVO LEON,9,24,34,861
19,NUEVO LEON,9,24,34,862
19,NUEVO LEON,9,24,34,863
19,NUEVO LEON,9,24,34,864
19,NUEVO LEON,9,24,34,865
19,NUEVO LEON,9,24,34,866
19,NUEVO LEON,9,24,34,867
19,NUEVO LEON,9,24,34,868
19,NUEVO LEON,9,24,34,869
19,NUEVO LEON,9,24,34,870
19,NUEVO LEON,9,24,34,871
19,NUEVO LEON,9,24,34,872
19,NUEVO LEON,9,24,34,873
19,NUEVO LEON,9,24,34,874
19,NUEVO LEON,9,24,34,875
19,NUEVO LEON,9,24,34,876
19,NUEVO LEON,9,24,34,877
19,NUEVO LEON,9,24,34,878
19,NUEVO LEON,9,24,34,879
19,NUEVO LEON,9,24,34,880
19,NUEVO LEON,9,24,34,881
19,NUEVO LEON,9,24,34,882
19,NUEVO LEON,9,24,34,883
19,NUEVO LEON,9,24,34,884
19,NUEVO LEON,9,24,34,885
19,NUEVO LEON,9,24,34,886
19,NUEVO LEON,9,24,34,887
19,NUEVO LEON,9,24,34,888
19,NUEVO LEON,9,24,34,889
19,NUEVO LEON,9,24,34,890
19,NUEVO LEON,9,24,34,891
19,NUEVO LEON,9,24,34,892
19,NUEVO LEON,9,24,34,893
19,NUEVO LEON,9,24,34,894
19,NUEVO LEON,9,24,34,895
19,NUEVO LEON,9,24,34,896
19,NUEVO LEON,9,24,34,897
19,NUEVO LEON,9,24,34,898
19,NUEVO LEON,9,24,34,899
19,NUEVO LEON,9,24,34,900
19,NUEVO LEON,9,24,34,901
19,NUEVO LEON,9,24,34,902
19,NUEVO LEON,9,24,34,903
19,NUEVO LEON,9,24,34,904
19,NUEVO LEON,9,24,34,906
19,NUEVO LEON,9,24,34,907
19,NUEVO LEON,9,24,37,913
19,NUEVO LEON,9,24,37,914
19,NUEVO LEON,9,24,37,915
19,NUEVO LEON,9,24,37,916
19,NUEVO LEON,9,24,37,917
19,NUEVO LEON,9,24,37,918
19,NUEVO LEON,9,24,37,919
19,NUEVO LEON,9,24,37,920
19,NUEVO LEON,9,24,37,921
19,NUEVO LEON,9,24,37,922
19,NUEVO LEON,9,24,44,1724
19,NUEVO LEON,9,24,44,1725
19,NUEVO LEON,9,24,44,1726
19,NUEVO LEON,9,24,44,1727
19,NUEVO LEON,9,24,44,1728
19,NUEVO LEON,9,24,49,2086
19,NUEVO LEON,9,24,49,2087
19,NUEVO LEON,9,24,49,2088
19,NUEVO LEON,9,24,49,2089
19,NUEVO LEON,9,24,49,2090
19,NUEVO LEON,9,24,49,2091
19,NUEVO LEON,9,24,49,2092
19,NUEVO LEON,9,24,49,2093
19,NUEVO LEON,9,24,49,2094
19,NUEVO LEON,9,24,49,2095
19,NUEVO LEON,9,24,49,2096
19,NUEVO LEON,9,24,49,2097
19,NUEVO LEON,9,24,49,2098
19,NUEVO LEON,9,24,49,2099
19,NUEVO LEON,9,24,49,2100
19,NUEVO LEON,9,24,49,2101
19,NUEVO LEON,9,24,49,2102
19,NUEVO LEON,9,24,49,2103
19,NUEVO LEON,9,24,49,2104
19,NUEVO LEON,9,24,49,2105
19,NUEVO LEON,9,24,49,2106
19,NUEVO LEON,9,24,49,2107
19,NUEVO LEON,9,24,49,2108
19,NUEVO LEON,9,24,49,2109
19,NUEVO LEON,9,24,49,2110
19,NUEVO LEON,9,26,4,20
19,NUEVO LEON,9,26,4,21
19,NUEVO LEON,9,26,4,22
19,NUEVO LEON,9,26,4,23
19,NUEVO LEON,9,26,4,24
19,NUEVO LEON,9,26,4,25
19,NUEVO LEON,9,26,4,26
19,NUEVO LEON,9,26,4,27
19,NUEVO LEON,9,26,4,28
19,NUEVO LEON,9,26,4,29
19,NUEVO LEON,9,26,4,30
19,NUEVO LEON,9,26,4,31
19,NUEVO LEON,9,26,4,32
19,NUEVO LEON,9,26,4,33
19,NUEVO LEON,9,26,4,34
19,NUEVO LEON,9,26,4,35
19,NUEVO LEON,9,26,4,36
19,NUEVO LEON,9,26,4,37
19,NUEVO LEON,9,26,4,38
19,NUEVO LEON,9,26,39,931
19,NUEVO LEON,9,26,39,932
19,NUEVO LEON,9,26,39,933
19,NUEVO LEON,9,26,39,934
19,NUEVO LEON,9,26,39,935
19,NUEVO LEON,9,26,39,936
19,NUEVO LEON,9,26,39,937
19,NUEVO LEON,9,26,39,938
19,NUEVO LEON,9,26,39,939
19,NUEVO LEON,9,26,39,940
19,NUEVO LEON,9,26,39,941
19,NUEVO LEON,9,26,39,942
19,NUEVO LEON,9,26,39,943
19,NUEVO LEON,9,26,39,944
19,NUEVO LEON,9,26,39,945
19,NUEVO LEON,9,26,39,946
19,NUEVO LEON,9,26,39,947
19,NUEVO LEON,9,26,39,948
19,NUEVO LEON,9,26,39,949
19,NUEVO LEON,9,26,39,950
19,NUEVO LEON,9,26,39,951
19,NUEVO LEON,9,26,39,952
19,NUEVO LEON,9,26,39,953
19,NUEVO LEON,9,26,39,954
19,NUEVO LEON,9,26,39,956
19,NUEVO LEON,9,26,39,957
19,NUEVO LEON,9,26,39,958
19,NUEVO LEON,9,26,39,959
19,NUEVO LEON,9,26,39,960
19,NUEVO LEON,9,26,39,961
19,NUEVO LEON,9,26,39,962
19,NUEVO LEON,9,26,39,963
19,NUEVO LEON,9,26,39,964
19,NUEVO LEON,9,26,39,965
19,NUEVO LEON,9,26,39,966
19,NUEVO LEON,9,26,39,967
19,NUEVO LEON,9,26,39,968
19,NUEVO LEON,9,26,39,969
19,NUEVO LEON,9,26,39,970
19,NUEVO LEON,9,26,39,971
19,NUEVO LEON,9,26,39,972
19,NUEVO LEON,9,26,39,973
19,NUEVO LEON,10,6,40,1133
19,NUEVO LEON,10,6,40,1134
19,NUEVO LEON,10,6,40,1135
19,NUEVO LEON,10,6,40,1136
19,NUEVO LEON,10,6,40,1137
19,NUEVO LEON,10,6,40,1138
19,NUEVO LEON,10,6,40,1147
19,NUEVO LEON,10,6,40,1148
19,NUEVO LEON,10,6,40,1149
19,NUEVO LEON,10,6,40,1150
19,NUEVO LEON,10,6,40,1151
19,NUEVO LEON,10,6,40,1152
19,NUEVO LEON,10,6,40,1153
19,NUEVO LEON,10,6,40,1154
19,NUEVO LEON,10,6,40,1155
19,NUEVO LEON,10,6,40,1162
19,NUEVO LEON,10,6,40,1163
19,NUEVO LEON,10,6,40,1164
19,NUEVO LEON,10,6,40,1165
19,NUEVO LEON,10,6,40,1166
19,NUEVO LEON,10,6,40,1167
19,NUEVO LEON,10,6,40,1168
19,NUEVO LEON,10,6,40,1169
19,NUEVO LEON,10,6,40,1173
19,NUEVO LEON,10,6,40,1174
19,NUEVO LEON,10,6,40,1175
19,NUEVO LEON,10,6,40,1176
19,NUEVO LEON,10,6,40,1177
19,NUEVO LEON,10,6,40,1178
19,NUEVO LEON,10,6,40,1184
19,NUEVO LEON,10,6,40,1186
19,NUEVO LEON,10,6,40,1187
19,NUEVO LEON,10,6,40,1188
19,NUEVO LEON,10,6,40,1189
19,NUEVO LEON,10,6,40,1191
19,NUEVO LEON,10,6,40,1193
19,NUEVO LEON,10,6,40,1194
19,NUEVO LEON,10,6,40,1198
19,NUEVO LEON,10,6,40,1201
19,NUEVO LEON,10,6,40,1202
19,NUEVO LEON,10,6,40,1207
19,NUEVO LEON,10,6,40,1208
19,NUEVO LEON,10,6,40,1209
19,NUEVO LEON,10,6,40,1210
19,NUEVO LEON,10,6,40,1211
19,NUEVO LEON,10,6,40,1212
19,NUEVO LEON,10,6,40,1213
19,NUEVO LEON,10,6,40,1214
19,NUEVO LEON,10,6,40,1215
19,NUEVO LEON,10,6,40,1216
19,NUEVO LEON,10,6,40,1217
19,NUEVO LEON,10,6,40,1218
19,NUEVO LEON,10,6,40,1219
19,NUEVO LEON,10,6,40,1220
19,NUEVO LEON,10,6,40,1221
19,NUEVO LEON,10,6,40,1222
19,NUEVO LEON,10,6,40,1223
19,NUEVO LEON,10,6,40,1224
19,NUEVO LEON,10,6,40,1225
19,NUEVO LEON,10,6,40,1230
19,NUEVO LEON,10,6,40,1231
19,NUEVO LEON,10,6,40,1232
19,NUEVO LEON,10,6,40,1233
19,NUEVO LEON,10,6,40,1234
19,NUEVO LEON,10,6,40,1235
19,NUEVO LEON,10,6,40,1236
19,NUEVO LEON,10,6,40,1237
19,NUEVO LEON,10,6,40,1238
19,NUEVO LEON,10,6,40,1239
19,NUEVO LEON,10,6,40,1240
19,NUEVO LEON,10,6,40,1241
19,NUEVO LEON,10,6,40,1242
19,NUEVO LEON,10,6,40,1243
19,NUEVO LEON,10,6,40,1244
19,NUEVO LEON,10,6,40,1245
19,NUEVO LEON,10,6,40,1246
19,NUEVO LEON,10,6,40,1247
19,NUEVO LEON,10,6,40,1248
19,NUEVO LEON,10,6,40,1249
19,NUEVO LEON,10,6,40,1250
19,NUEVO LEON,10,6,40,1251
19,NUEVO LEON,10,6,40,1252
19,NUEVO LEON,10,6,40,1253
19,NUEVO LEON,10,6,40,1254
19,NUEVO LEON,10,6,40,1255
19,NUEVO LEON,10,6,40,1256
19,NUEVO LEON,10,6,40,1257
19,NUEVO LEON,10,6,40,1258
19,NUEVO LEON,10,6,40,1259
19,NUEVO LEON,10,6,40,1260
19,NUEVO LEON,10,6,40,1261
19,NUEVO LEON,10,6,40,1262
19,NUEVO LEON,10,6,40,1263
19,NUEVO LEON,10,6,40,1264
19,NUEVO LEON,10,6,40,1266
19,NUEVO LEON,10,6,40,1267
19,NUEVO LEON,10,6,40,1268
19,NUEVO LEON,10,6,40,1269
19,NUEVO LEON,10,6,40,1270
19,NUEVO LEON,10,6,40,1271
19,NUEVO LEON,10,6,40,1272
19,NUEVO LEON,10,6,40,1273
19,NUEVO LEON,10,6,40,1274
19,NUEVO LEON,10,6,40,1275
19,NUEVO LEON,10,6,40,1276
19,NUEVO LEON,10,6,40,1277
19,NUEVO LEON,10,6,40,1278
19,NUEVO LEON,10,6,40,1279
19,NUEVO LEON,10,6,40,1280
19,NUEVO LEON,10,6,40,1281
19,NUEVO LEON,10,6,40,1282
19,NUEVO LEON,10,6,40,1283
19,NUEVO LEON,10,6,40,1284
19,NUEVO LEON,10,6,40,1285
19,NUEVO LEON,10,6,40,1286
19,NUEVO LEON,10,6,40,1287
19,NUEVO LEON,10,6,40,1288
19,NUEVO LEON,10,6,40,1289
19,NUEVO LEON,10,6,40,1290
19,NUEVO LEON,10,6,40,1291
19,NUEVO LEON,10,6,40,1292
19,NUEVO LEON,10,6,40,1293
19,NUEVO LEON,10,6,40,1294
19,NUEVO LEON,10,6,40,1295
19,NUEVO LEON,10,6,40,1296
19,NUEVO LEON,10,6,40,1297
19,NUEVO LEON,10,6,40,1298
19,NUEVO LEON,10,6,40,1299
19,NUEVO LEON,10,6,40,1300
19,NUEVO LEON,10,6,40,1301
19,NUEVO LEON,10,6,40,1302
19,NUEVO LEON,10,6,40,1303
19,NUEVO LEON,10,6,40,1304
19,NUEVO LEON,10,6,40,1305
19,NUEVO LEON,10,6,40,1306
19,NUEVO LEON,10,6,40,1307
19,NUEVO LEON,10,6,40,1308
19,NUEVO LEON,10,6,40,1309
19,NUEVO LEON,10,6,40,1310
19,NUEVO LEON,10,6,40,1311
19,NUEVO LEON,10,6,40,1312
19,NUEVO LEON,10,6,40,1314
19,NUEVO LEON,10,6,40,1315
19,NUEVO LEON,10,6,40,1316
19,NUEVO LEON,10,6,40,1317
19,NUEVO LEON,10,6,40,1318
19,NUEVO LEON,10,6,40,1319
19,NUEVO LEON,10,6,40,1320
19,NUEVO LEON,10,6,40,1321
19,NUEVO LEON,10,6,40,1322
19,NUEVO LEON,10,6,40,1323
19,NUEVO LEON,10,6,40,1324
19,NUEVO LEON,10,6,40,1325
19,NUEVO LEON,10,6,40,1326
19,NUEVO LEON,10,6,40,1339
19,NUEVO LEON,10,6,40,1340
19,NUEVO LEON,10,6,40,1341
19,NUEVO LEON,10,6,40,1342
19,NUEVO LEON,10,6,40,1343
19,NUEVO LEON,10,6,40,1344
19,NUEVO LEON,10,6,40,1345
19,NUEVO LEON,10,6,40,1367
19,NUEVO LEON,10,6,40,1368
19,NUEVO LEON,10,6,40,1369
19,NUEVO LEON,10,6,40,1641
19,NUEVO LEON,10,6,40,1642
19,NUEVO LEON,10,6,40,1650
19,NUEVO LEON,10,6,40,1651
19,NUEVO LEON,10,6,40,1652
19,NUEVO LEON,10,6,40,1653
19,NUEVO LEON,10,6,40,1654
19,NUEVO LEON,10,6,40,1655
19,NUEVO LEON,10,6,40,1656
19,NUEVO LEON,10,6,40,1657
19,NUEVO LEON,10,6,40,1658
19,NUEVO LEON,10,6,40,1659
19,NUEVO LEON,10,6,40,1660
19,NUEVO LEON,10,6,40,1661
19,NUEVO LEON,10,6,40,1662
19,NUEVO LEON,10,6,40,1663
19,NUEVO LEON,10,6,40,1664
19,NUEVO LEON,10,6,40,1665
19,NUEVO LEON,10,6,40,1666
19,NUEVO LEON,10,6,40,1667
19,NUEVO LEON,10,6,40,1668
19,NUEVO LEON,10,6,40,1669
19,NUEVO LEON,10,6,40,1670
19,NUEVO LEON,10,6,40,1671
19,NUEVO LEON,10,6,40,1672
19,NUEVO LEON,10,6,40,1673
19,NUEVO LEON,10,6,40,1674
19,NUEVO LEON,10,6,40,1675
19,NUEVO LEON,10,6,40,1676
19,NUEVO LEON,10,6,40,1677
19,NUEVO LEON,10,6,40,1678
19,NUEVO LEON,10,6,40,1679
19,NUEVO LEON,10,6,40,1680
19,NUEVO LEON,10,6,40,1681
19,NUEVO LEON,10,6,40,1682
19,NUEVO LEON,10,6,40,1683
19,NUEVO LEON,10,6,40,1684
19,NUEVO LEON,10,6,40,1685
19,NUEVO LEON,10,6,40,1686
19,NUEVO LEON,10,6,40,1687
19,NUEVO LEON,10,6,40,1688
19,NUEVO LEON,10,6,40,1689
19,NUEVO LEON,10,6,40,1690
19,NUEVO LEON,10,6,40,1691
19,NUEVO LEON,10,6,40,1692
19,NUEVO LEON,10,6,40,1693
19,NUEVO LEON,10,6,40,1694
19,NUEVO LEON,10,6,40,1695
19,NUEVO LEON,10,6,40,1696
19,NUEVO LEON,10,6,40,1697
19,NUEVO LEON,10,6,40,1698
19,NUEVO LEON,10,6,40,1699
19,NUEVO LEON,10,6,40,2724
19,NUEVO LEON,10,6,40,2725
19,NUEVO LEON,10,6,40,2726
19,NUEVO LEON,10,8,40,1313
19,NUEVO LEON,10,8,40,1327
19,NUEVO LEON,10,8,40,1328
19,NUEVO LEON,10,8,40,1329
19,NUEVO LEON,10,8,40,1330
19,NUEVO LEON,10,8,40,1331
19,NUEVO LEON,10,8,40,1332
19,NUEVO LEON,10,8,40,1333
19,NUEVO LEON,10,8,40,1334
19,NUEVO LEON,10,8,40,1335
19,NUEVO LEON,10,8,40,1336
19,NUEVO LEON,10,8,40,1337
19,NUEVO LEON,10,8,40,1338
19,NUEVO LEON,10,8,40,1346
19,NUEVO LEON,10,8,40,1347
19,NUEVO LEON,10,8,40,1348
19,NUEVO LEON,10,8,40,1349
19,NUEVO LEON,10,8,40,1350
19,NUEVO LEON,10,8,40,1351
19,NUEVO LEON,10,8,40,1352
19,NUEVO LEON,10,8,40,1353
19,NUEVO LEON,10,8,40,1354
19,NUEVO LEON,10,8,40,1355
19,NUEVO LEON,10,8,40,1356
19,NUEVO LEON,10,8,40,1357
19,NUEVO LEON,10,8,40,1358
19,NUEVO LEON,10,8,40,1359
19,NUEVO LEON,10,8,40,1360
19,NUEVO LEON,10,8,40,1361
19,NUEVO LEON,10,8,40,1362
19,NUEVO LEON,10,8,40,1363
19,NUEVO LEON,10,8,40,1364
19,NUEVO LEON,10,8,40,1365
19,NUEVO LEON,10,8,40,1366
19,NUEVO LEON,10,8,40,1370
19,NUEVO LEON,10,8,40,1371
19,NUEVO LEON,10,8,40,1372
19,NUEVO LEON,10,8,40,1373
19,NUEVO LEON,10,8,40,1374
19,NUEVO LEON,10,8,40,1375
19,NUEVO LEON,10,8,40,1376
19,NUEVO LEON,10,8,40,1377
19,NUEVO LEON,10,8,40,1378
19,NUEVO LEON,10,8,40,1379
19,NUEVO LEON,10,8,40,1380
19,NUEVO LEON,10,8,40,1381
19,NUEVO LEON,10,8,40,1382
19,NUEVO LEON,10,8,40,1383
19,NUEVO LEON,10,8,40,1384
19,NUEVO LEON,10,8,40,1385
19,NUEVO LEON,10,8,40,1386
19,NUEVO LEON,10,8,40,1387
19,NUEVO LEON,10,8,40,1388
19,NUEVO LEON,10,8,40,1389
19,NUEVO LEON,10,8,40,1390
19,NUEVO LEON,10,8,40,1391
19,NUEVO LEON,10,8,40,1392
19,NUEVO LEON,10,8,40,1393
19,NUEVO LEON,10,8,40,1394
19,NUEVO LEON,10,8,40,1395
19,NUEVO LEON,10,8,40,1396
19,NUEVO LEON,10,8,40,1397
19,NUEVO LEON,10,8,40,1398
19,NUEVO LEON,10,8,40,1399
19,NUEVO LEON,10,8,40,1400
19,NUEVO LEON,10,8,40,1401
19,NUEVO LEON,10,8,40,1402
19,NUEVO LEON,10,8,40,1403
19,NUEVO LEON,10,8,40,1404
19,NUEVO LEON,10,8,40,1405
19,NUEVO LEON,10,8,40,1406
19,NUEVO LEON,10,8,40,1407
19,NUEVO LEON,10,8,40,1408
19,NUEVO LEON,10,8,40,1409
19,NUEVO LEON,10,8,40,1410
19,NUEVO LEON,10,8,40,1411
19,NUEVO LEON,10,8,40,1412
19,NUEVO LEON,10,8,40,1413
19,NUEVO LEON,10,8,40,1414
19,NUEVO LEON,10,8,40,1415
19,NUEVO LEON,10,8,40,1416
19,NUEVO LEON,10,8,40,1417
19,NUEVO LEON,10,8,40,1418
19,NUEVO LEON,10,8,40,1419
19,NUEVO LEON,10,8,40,1420
19,NUEVO LEON,10,8,40,1421
19,NUEVO LEON,10,8,40,1423
19,NUEVO LEON,10,8,40,1424
19,NUEVO LEON,10,8,40,1425
19,NUEVO LEON,10,8,40,1426
19,NUEVO LEON,10,8,40,1427
19,NUEVO LEON,10,8,40,1428
19,NUEVO LEON,10,8,40,1429
19,NUEVO LEON,10,8,40,1430
19,NUEVO LEON,10,8,40,1431
19,NUEVO LEON,10,8,40,3013
19,NUEVO LEON,10,8,40,3014
19,NUEVO LEON,10,8,40,3015
19,NUEVO LEON,10,8,40,3016
19,NUEVO LEON,10,8,40,3017
19,NUEVO LEON,10,8,40,3018
19,NUEVO LEON,10,8,40,3019
19,NUEVO LEON,10,8,40,3020
19,NUEVO LEON,11,13,26,714
19,NUEVO LEON,11,13,26,715
19,NUEVO LEON,11,13,26,716
19,NUEVO LEON,11,13,26,717
19,NUEVO LEON,11,13,26,718
19,NUEVO LEON,11,13,26,719
19,NUEVO LEON,11,13,26,728
19,NUEVO LEON,11,13,26,729
19,NUEVO LEON,11,13,26,730
19,NUEVO LEON,11,13,26,731
19,NUEVO LEON,11,13,26,732
19,NUEVO LEON,11,13,26,733
19,NUEVO LEON,11,13,26,734
19,NUEVO LEON,11,13,26,735
19,NUEVO LEON,11,13,26,736
19,NUEVO LEON,11,13,26,737
19,NUEVO LEON,11,13,26,738
19,NUEVO LEON,11,13,26,740
19,NUEVO LEON,11,13,26,741
19,NUEVO LEON,11,13,26,743
19,NUEVO LEON,11,13,26,745
19,NUEVO LEON,11,13,26,746
19,NUEVO LEON,11,13,26,747
19,NUEVO LEON,11,13,26,748
19,NUEVO LEON,11,13,26,749
19,NUEVO LEON,11,13,26,750
19,NUEVO LEON,11,13,26,751
19,NUEVO LEON,11,13,26,752
19,NUEVO LEON,11,13,26,753
19,NUEVO LEON,11,13,26,754
19,NUEVO LEON,11,13,26,755
19,NUEVO LEON,11,13,26,756
19,NUEVO LEON,11,13,26,757
19,NUEVO LEON,11,13,26,758
19,NUEVO LEON,11,13,26,767
19,NUEVO LEON,11,13,26,768
19,NUEVO LEON,11,13,26,769
19,NUEVO LEON,11,13,26,770
19,NUEVO LEON,11,13,26,771
19,NUEVO LEON,11,13,26,772
19,NUEVO LEON,11,13,26,773
19,NUEVO LEON,11,13,26,774
19,NUEVO LEON,11,13,26,775
19,NUEVO LEON,11,13,26,776
19,NUEVO LEON,11,13,26,777
19,NUEVO LEON,11,13,26,778
19,NUEVO LEON,11,13,26,779
19,NUEVO LEON,11,13,26,780
19,NUEVO LEON,11,13,26,786
19,NUEVO LEON,11,13,26,787
19,NUEVO LEON,11,13,26,788
19,NUEVO LEON,11,13,26,789
19,NUEVO LEON,11,13,26,790
19,NUEVO LEON,11,13,26,791
19,NUEVO LEON,11,13,26,792
19,NUEVO LEON,11,13,26,793
19,NUEVO LEON,11,13,26,794
19,NUEVO LEON,11,13,26,795
19,NUEVO LEON,11,13,26,796
19,NUEVO LEON,11,13,26,797
19,NUEVO LEON,11,13,26,798
19,NUEVO LEON,11,13,26,799
19,NUEVO LEON,11,13,26,800
19,NUEVO LEON,11,13,26,801
19,NUEVO LEON,11,13,26,802
19,NUEVO LEON,11,13,26,803
19,NUEVO LEON,11,13,26,804
19,NUEVO LEON,11,13,26,3021
19,NUEVO LEON,11,13,26,3022
19,NUEVO LEON,11,13,26,3023
19,NUEVO LEON,11,13,26,3024
19,NUEVO LEON,11,13,26,3211
19,NUEVO LEON,11,13,26,3212
19,NUEVO LEON,11,13,26,3213
19,NUEVO LEON,11,13,26,3214
19,NUEVO LEON,11,13,26,3215
19,NUEVO LEON,11,13,26,3216
19,NUEVO LEON,11,13,26,3217
19,NUEVO LEON,11,13,26,3218
19,NUEVO LEON,11,13,26,3219
19,NUEVO LEON,11,13,26,3220
19,NUEVO LEON,11,14,26,680
19,NUEVO LEON,11,14,26,681
19,NUEVO LEON,11,14,26,688
19,NUEVO LEON,11,14,26,689
19,NUEVO LEON,11,14,26,690
19,NUEVO LEON,11,14,26,691
19,NUEVO LEON,11,14,26,692
19,NUEVO LEON,11,14,26,695
19,NUEVO LEON,11,14,26,696
19,NUEVO LEON,11,14,26,697
19,NUEVO LEON,11,15,26,526
19,NUEVO LEON,11,15,26,527
19,NUEVO LEON,11,15,26,528
19,NUEVO LEON,11,15,26,529
19,NUEVO LEON,11,15,26,530
19,NUEVO LEON,11,15,26,531
19,NUEVO LEON,11,15,26,532
19,NUEVO LEON,11,15,26,533
19,NUEVO LEON,11,15,26,534
19,NUEVO LEON,11,15,26,535
19,NUEVO LEON,11,15,26,536
19,NUEVO LEON,11,15,26,537
19,NUEVO LEON,11,15,26,538
19,NUEVO LEON,11,15,26,539
19,NUEVO LEON,11,15,26,540
19,NUEVO LEON,11,15,26,541
19,NUEVO LEON,11,15,26,542
19,NUEVO LEON,11,15,26,543
19,NUEVO LEON,11,15,26,544
19,NUEVO LEON,11,15,26,545
19,NUEVO LEON,11,15,26,546
19,NUEVO LEON,11,15,26,547
19,NUEVO LEON,11,15,26,548
19,NUEVO LEON,11,15,26,549
19,NUEVO LEON,11,15,26,550
19,NUEVO LEON,11,15,26,551
19,NUEVO LEON,11,15,26,552
19,NUEVO LEON,11,15,26,553
19,NUEVO LEON,11,15,26,554
19,NUEVO LEON,11,15,26,555
19,NUEVO LEON,11,15,26,556
19,NUEVO LEON,11,15,26,557
19,NUEVO LEON,11,15,26,558
19,NUEVO LEON,11,15,26,559
19,NUEVO LEON,11,15,26,560
19,NUEVO LEON,11,15,26,561
19,NUEVO LEON,11,15,26,562
19,NUEVO LEON,11,15,26,563
19,NUEVO LEON,11,15,26,564
19,NUEVO LEON,11,15,26,565
19,NUEVO LEON,11,15,26,566
19,NUEVO LEON,11,15,26,567
19,NUEVO LEON,11,15,26,568
19,NUEVO LEON,11,15,26,569
19,NUEVO LEON,11,15,26,570
19,NUEVO LEON,11,15,26,571
19,NUEVO LEON,11,15,26,572
19,NUEVO LEON,11,15,26,573
19,NUEVO LEON,11,15,26,574
19,NUEVO LEON,11,15,26,575
19,NUEVO LEON,11,15,26,576
19,NUEVO LEON,11,15,26,577
19,NUEVO LEON,11,15,26,578
19,NUEVO LEON,11,15,26,579
19,NUEVO LEON,11,15,26,580
19,NUEVO LEON,11,15,26,581
19,NUEVO LEON,11,15,26,582
19,NUEVO LEON,11,15,26,583
19,NUEVO LEON,11,15,26,584
19,NUEVO LEON,11,15,26,585
19,NUEVO LEON,11,15,26,586
19,NUEVO LEON,11,15,26,587
19,NUEVO LEON,11,15,26,588
19,NUEVO LEON,11,15,26,589
19,NUEVO LEON,11,15,26,590
19,NUEVO LEON,11,15,26,591
19,NUEVO LEON,11,15,26,592
19,NUEVO LEON,11,15,26,593
19,NUEVO LEON,11,15,26,594
19,NUEVO LEON,11,15,26,595
19,NUEVO LEON,11,15,26,596
19,NUEVO LEON,11,15,26,597
19,NUEVO LEON,11,15,26,598
19,NUEVO LEON,11,15,26,599
19,NUEVO LEON,11,15,26,600
19,NUEVO LEON,11,15,26,601
19,NUEVO LEON,11,15,26,602
19,NUEVO LEON,11,15,26,603
19,NUEVO LEON,11,15,26,624
19,NUEVO LEON,11,15,26,625
19,NUEVO LEON,11,15,26,626
19,NUEVO LEON,11,15,26,627
19,NUEVO LEON,11,15,26,628
19,NUEVO LEON,11,15,26,629
19,NUEVO LEON,11,15,26,630
19,NUEVO LEON,11,15,26,631
19,NUEVO LEON,11,15,26,632
19,NUEVO LEON,11,15,26,633
19,NUEVO LEON,11,15,26,634
19,NUEVO LEON,11,15,26,635
19,NUEVO LEON,11,15,26,636
19,NUEVO LEON,11,15,26,637
19,NUEVO LEON,11,15,26,638
19,NUEVO LEON,11,15,26,639
19,NUEVO LEON,11,15,26,640
19,NUEVO LEON,11,15,26,641
19,NUEVO LEON,11,15,26,642
19,NUEVO LEON,11,15,26,643
19,NUEVO LEON,11,15,26,653
19,NUEVO LEON,11,15,26,654
19,NUEVO LEON,11,15,26,655
19,NUEVO LEON,11,15,26,656
19,NUEVO LEON,11,15,26,657
19,NUEVO LEON,11,15,26,658
19,NUEVO LEON,11,15,26,659
19,NUEVO LEON,11,15,26,660
19,NUEVO LEON,11,15,26,661
19,NUEVO LEON,11,15,26,662
19,NUEVO LEON,11,15,26,663
19,NUEVO LEON,11,15,26,664
19,NUEVO LEON,11,15,26,665
19,NUEVO LEON,11,15,26,666
19,NUEVO LEON,11,15,26,667
19,NUEVO LEON,11,15,26,668
19,NUEVO LEON,11,15,26,682
19,NUEVO LEON,11,15,26,683
19,NUEVO LEON,11,15,26,684
19,NUEVO LEON,11,15,26,685
19,NUEVO LEON,11,15,26,686
19,NUEVO LEON,11,15,26,687
19,NUEVO LEON,11,15,26,720
19,NUEVO LEON,11,15,26,721
19,NUEVO LEON,11,15,26,722
19,NUEVO LEON,11,15,26,723
19,NUEVO LEON,11,15,26,724
19,NUEVO LEON,11,15,26,725
19,NUEVO LEON,11,15,26,726
19,NUEVO LEON,11,15,26,727
19,NUEVO LEON,11,15,26,759
19,NUEVO LEON,11,15,26,760
19,NUEVO LEON,11,15,26,761
19,NUEVO LEON,11,15,26,762
19,NUEVO LEON,11,15,26,763
19,NUEVO LEON,11,15,26,764
19,NUEVO LEON,11,15,26,765
19,NUEVO LEON,11,15,26,766
19,NUEVO LEON,11,15,26,781
19,NUEVO LEON,11,15,26,782
19,NUEVO LEON,11,15,26,783
19,NUEVO LEON,11,15,26,784
19,NUEVO LEON,11,15,26,785
19,NUEVO LEON,11,15,26,2901
19,NUEVO LEON,12,22,32,846
19,NUEVO LEON,12,22,32,847
19,NUEVO LEON,12,22,32,848
19,NUEVO LEON,12,22,32,849
19,NUEVO LEON,12,22,32,851
19,NUEVO LEON,12,22,32,852
19,NUEVO LEON,12,22,32,853
19,NUEVO LEON,12,22,32,2330
19,NUEVO LEON,12,22,32,2331
19,NUEVO LEON,12,22,32,2332
19,NUEVO LEON,12,22,32,2333
19,NUEVO LEON,12,22,32,2334
19,NUEVO LEON,12,22,32,2339
19,NUEVO LEON,12,22,32,2340
19,NUEVO LEON,12,22,32,2342
19,NUEVO LEON,12,22,32,2343
19,NUEVO LEON,12,22,32,2351
19,NUEVO LEON,12,22,32,2352
19,NUEVO LEON,12,22,32,2353
19,NUEVO LEON,12,22,32,2354
19,NUEVO LEON,12,22,32,2355
19,NUEVO LEON,12,22,32,2356
19,NUEVO LEON,12,22,32,2357
19,NUEVO LEON,12,22,32,2358
19,NUEVO LEON,12,22,32,2359
19,NUEVO LEON,12,22,32,2360
19,NUEVO LEON,12,22,32,2361
19,NUEVO LEON,12,22,32,2362
19,NUEVO LEON,12,22,32,2363
19,NUEVO LEON,12,22,32,2364
19,NUEVO LEON,12,22,32,2365
19,NUEVO LEON,12,22,32,2366
19,NUEVO LEON,12,22,32,2367
19,NUEVO LEON,12,22,32,2368
19,NUEVO LEON,12,22,32,2369
19,NUEVO LEON,12,22,32,2370
19,NUEVO LEON,12,22,32,2371
19,NUEVO LEON,12,22,32,2372
19,NUEVO LEON,12,22,32,2373
19,NUEVO LEON,12,22,32,2374
19,NUEVO LEON,12,22,32,2375
19,NUEVO LEON,12,22,32,2376
19,NUEVO LEON,12,22,32,2377
19,NUEVO LEON,12,22,32,2378
19,NUEVO LEON,12,22,32,2379
19,NUEVO LEON,12,22,32,2381
19,NUEVO LEON,12,22,32,2382
19,NUEVO LEON,12,22,32,2383
19,NUEVO LEON,12,22,32,2384
19,NUEVO LEON,12,22,32,2385
19,NUEVO LEON,12,22,32,2386
19,NUEVO LEON,12,22,32,2387
19,NUEVO LEON,12,22,32,2388
19,NUEVO LEON,12,22,32,2389
19,NUEVO LEON,12,22,32,2390
19,NUEVO LEON,12,22,32,2391
19,NUEVO LEON,12,22,32,2392
19,NUEVO LEON,12,22,32,2393
19,NUEVO LEON,12,22,32,2394
19,NUEVO LEON,12,22,32,2395
19,NUEVO LEON,12,22,32,2396
19,NUEVO LEON,12,22,32,2397
19,NUEVO LEON,12,22,32,2398
19,NUEVO LEON,12,22,32,2399
19,NUEVO LEON,12,22,32,2400
19,NUEVO LEON,12,22,32,2401
19,NUEVO LEON,12,22,32,2402
19,NUEVO LEON,12,22,32,2403
19,NUEVO LEON,12,22,32,2404
19,NUEVO LEON,12,22,32,2405
19,NUEVO LEON,12,22,32,2406
19,NUEVO LEON,12,22,32,2407
19,NUEVO LEON,12,22,32,2723
19,NUEVO LEON,12,22,32,2877
19,NUEVO LEON,12,22,32,2879
19,NUEVO LEON,12,22,32,2880
19,NUEVO LEON,12,22,32,2881
19,NUEVO LEON,12,22,32,2882
19,NUEVO LEON,12,22,32,3228
19,NUEVO LEON,12,22,32,3229
19,NUEVO LEON,12,22,32,3230
19,NUEVO LEON,12,22,32,3231
19,NUEVO LEON,12,22,32,3232
19,NUEVO LEON,12,22,32,3233
19,NUEVO LEON,12,22,32,3234
19,NUEVO LEON,12,22,32,3235
19,NUEVO LEON,12,22,32,3236
19,NUEVO LEON,12,22,32,3237
19,NUEVO LEON,12,22,32,3238
19,NUEVO LEON,12,22,32,3239
19,NUEVO LEON,12,22,32,3240
19,NUEVO LEON,12,22,32,3241
19,NUEVO LEON,12,22,32,3242
19,NUEVO LEON,12,22,32,3243
19,NUEVO LEON,12,22,32,3244
19,NUEVO LEON,12,22,32,3245
19,NUEVO LEON,12,22,32,3246
19,NUEVO LEON,12,22,32,3247
19,NUEVO LEON,12,22,32,3248
19,NUEVO LEON,12,23,32,835
19,NUEVO LEON,12,23,32,837
19,NUEVO LEON,12,23,32,838
19,NUEVO LEON,12,23,32,839
19,NUEVO LEON,12,23,32,841
19,NUEVO LEON,12,23,32,843
19,NUEVO LEON,12,23,32,2308
19,NUEVO LEON,12,23,32,2309
19,NUEVO LEON,12,23,32,2310
19,NUEVO LEON,12,23,32,2311
19,NUEVO LEON,12,23,32,2312
19,NUEVO LEON,12,23,32,2313
19,NUEVO LEON,12,23,32,2314
19,NUEVO LEON,12,23,32,2315
19,NUEVO LEON,12,23,32,2316
19,NUEVO LEON,12,23,32,2317
19,NUEVO LEON,12,23,32,2318
19,NUEVO LEON,12,23,32,2319
19,NUEVO LEON,12,23,32,2320
19,NUEVO LEON,12,23,32,2321
19,NUEVO LEON,12,23,32,2322
19,NUEVO LEON,12,23,32,2323
19,NUEVO LEON,12,23,32,2324
19,NUEVO LEON,12,23,32,2325
19,NUEVO LEON,12,23,32,2326
19,NUEVO LEON,12,23,32,2327
19,NUEVO LEON,12,23,32,2328
19,NUEVO LEON,12,23,32,2335
19,NUEVO LEON,12,23,32,2336
19,NUEVO LEON,12,23,32,2337
19,NUEVO LEON,12,23,32,2338
19,NUEVO LEON,12,23,32,2341
19,NUEVO LEON,12,23,32,2344
19,NUEVO LEON,12,23,32,2345
19,NUEVO LEON,12,23,32,2346
19,NUEVO LEON,12,23,32,2347
19,NUEVO LEON,12,23,32,2348
19,NUEVO LEON,12,23,32,2349
19,NUEVO LEON,12,23,32,2350
19,NUEVO LEON,12,23,32,2662
19,NUEVO LEON,12,23,32,2663
19,NUEVO LEON,12,23,32,2664
19,NUEVO LEON,12,23,32,2665
19,NUEVO LEON,12,23,32,2666
19,NUEVO LEON,12,23,32,2667
19,NUEVO LEON,12,23,32,2668
19,NUEVO LEON,12,23,32,2669
19,NUEVO LEON,12,23,32,2670
19,NUEVO LEON,12,23,32,2671
19,NUEVO LEON,12,23,32,2672
19,NUEVO LEON,12,23,32,2673
19,NUEVO LEON,12,23,32,2674
19,NUEVO LEON,12,23,32,2675
19,NUEVO LEON,12,23,32,2676
19,NUEVO LEON,12,23,32,2677
19,NUEVO LEON,12,23,32,2678
19,NUEVO LEON,12,23,32,2679
19,NUEVO LEON,12,23,32,2680
19,NUEVO LEON,12,23,32,2681
19,NUEVO LEON,12,23,32,2682
19,NUEVO LEON,12,23,32,2683
19,NUEVO LEON,12,23,32,2684
19,NUEVO LEON,12,23,32,2685
19,NUEVO LEON,12,23,32,2686
19,NUEVO LEON,12,23,32,2687
19,NUEVO LEON,12,23,32,2688
19,NUEVO LEON,12,23,32,2689
19,NUEVO LEON,12,23,32,2690
19,NUEVO LEON,12,23,32,2691
19,NUEVO LEON,12,23,32,2692
19,NUEVO LEON,12,23,32,2693
19,NUEVO LEON,12,23,32,2694
19,NUEVO LEON,12,23,32,2862
19,NUEVO LEON,12,23,32,2863
19,NUEVO LEON,12,23,32,2864
19,NUEVO LEON,12,23,32,2865
19,NUEVO LEON,12,23,32,2866
19,NUEVO LEON,12,23,32,2867
19,NUEVO LEON,12,23,32,2868
19,NUEVO LEON,12,23,32,2869
19,NUEVO LEON,12,23,32,2870
19,NUEVO LEON,12,23,32,2871
19,NUEVO LEON,12,23,32,2872
19,NUEVO LEON,12,23,32,2873
19,NUEVO LEON,12,23,32,2874
19,NUEVO LEON,12,23,32,2875
19,NUEVO LEON,12,23,32,2876
19,NUEVO LEON,12,23,32,2878
19,NUEVO LEON,12,23,32,2909
19,NUEVO LEON,12,23,32,2910
19,NUEVO LEON,12,23,32,3104
19,NUEVO LEON,12,23,32,3105
19,NUEVO LEON,12,23,32,3106
19,NUEVO LEON,12,23,32,3107
19,NUEVO LEON,12,23,32,3108
19,NUEVO LEON,12,23,32,3109
19,NUEVO LEON,12,23,32,3110
19,NUEVO LEON,12,23,32,3111
19,NUEVO LEON,12,23,32,3112
19,NUEVO LEON,12,23,32,3113
19,NUEVO LEON,12,23,32,3114
19,NUEVO LEON,12,23,32,3221
19,NUEVO LEON,12,23,32,3222
19,NUEVO LEON,12,23,32,3223
19,NUEVO LEON,12,23,32,3224
19,NUEVO LEON,12,23,32,3225
19,NUEVO LEON,12,23,32,3226
19,NUEVO LEON,12,23,32,3227
19,NUEVO LEON,13,4,1,1
19,NUEVO LEON,13,4,1,2
19,NUEVO LEON,13,4,8,168
19,NUEVO LEON,13,4,8,169
19,NUEVO LEON,13,4,8,170
19,NUEVO LEON,13,4,8,171
19,NUEVO LEON,13,4,10,219
19,NUEVO LEON,13,4,10,2437
19,NUEVO LEON,13,4,10,3061
19,NUEVO LEON,13,4,10,3062
19,NUEVO LEON,13,4,10,3063
19,NUEVO LEON,13,4,10,3064
19,NUEVO LEON,13,4,10,3065
19,NUEVO LEON,13,4,10,3066
19,NUEVO LEON,13,4,10,3067
19,NUEVO LEON,13,4,10,3068
19,NUEVO LEON,13,4,10,3069
19,NUEVO LEON,13,4,10,3070
19,NUEVO LEON,13,4,10,3071
19,NUEVO LEON,13,4,10,3072
19,NUEVO LEON,13,4,10,3073
19,NUEVO LEON,13,4,10,3074
19,NUEVO LEON,13,4,10,3075
19,NUEVO LEON,13,4,10,3076
19,NUEVO LEON,13,4,10,3077
19,NUEVO LEON,13,4,10,3078
19,NUEVO LEON,13,4,10,3079
19,NUEVO LEON,13,4,10,3080
19,NUEVO LEON,13,4,10,3081
19,NUEVO LEON,13,4,10,3082
19,NUEVO LEON,13,4,28,811
19,NUEVO LEON,13,4,28,812
19,NUEVO LEON,13,4,28,813
19,NUEVO LEON,13,4,28,814
19,NUEVO LEON,13,4,28,815
19,NUEVO LEON,13,4,28,816
19,NUEVO LEON,13,4,28,817
19,NUEVO LEON,13,4,28,818
19,NUEVO LEON,13,4,28,819
19,NUEVO LEON,13,4,38,925
19,NUEVO LEON,13,4,38,927
19,NUEVO LEON,13,4,38,928
19,NUEVO LEON,13,4,38,930
19,NUEVO LEON,13,4,38,2408
19,NUEVO LEON,13,4,38,2409
19,NUEVO LEON,13,4,38,2410
19,NUEVO LEON,13,4,46,1752
19,NUEVO LEON,13,4,46,1753
19,NUEVO LEON,13,4,46,1754
19,NUEVO LEON,13,4,46,1755
19,NUEVO LEON,13,4,46,1756
19,NUEVO LEON,13,4,46,1757
19,NUEVO LEON,13,4,46,1758
19,NUEVO LEON,13,4,46,1759
19,NUEVO LEON,13,4,46,2767
19,NUEVO LEON,13,4,46,2768
19,NUEVO LEON,13,4,46,2769
19,NUEVO LEON,13,4,46,2770
19,NUEVO LEON,13,4,46,2771
19,NUEVO LEON,13,4,46,2772
19,NUEVO LEON,13,4,46,2773
19,NUEVO LEON,13,4,46,2774
19,NUEVO LEON,13,4,46,2775
19,NUEVO LEON,13,4,46,2776
19,NUEVO LEON,13,4,46,2777
19,NUEVO LEON,13,4,46,2778
19,NUEVO LEON,13,4,46,2779
19,NUEVO LEON,13,4,46,2780
19,NUEVO LEON,13,4,46,2781
19,NUEVO LEON,13,4,46,2782
19,NUEVO LEON,13,4,46,2783
19,NUEVO LEON,13,4,46,2784
19,NUEVO LEON,13,4,46,2785
19,NUEVO LEON,13,4,51,2118
19,NUEVO LEON,13,4,51,2119
19,NUEVO LEON,13,4,51,2120
19,NUEVO LEON,13,4,51,2121
19,NUEVO LEON,13,4,51,2122
19,NUEVO LEON,13,4,51,2123
19,NUEVO LEON,13,21,2,3
19,NUEVO LEON,13,21,2,4
19,NUEVO LEON,13,21,2,5
19,NUEVO LEON,13,21,2,6
19,NUEVO LEON,13,21,2,7
19,NUEVO LEON,13,21,2,8
19,NUEVO LEON,13,21,2,9
19,NUEVO LEON,13,21,2,10
19,NUEVO LEON,13,21,2,11
19,NUEVO LEON,13,21,5,39
19,NUEVO LEON,13,21,5,40
19,NUEVO LEON,13,21,5,41
19,NUEVO LEON,13,21,5,42
19,NUEVO LEON,13,21,5,43
19,NUEVO LEON,13,21,5,44
19,NUEVO LEON,13,21,5,45
19,NUEVO LEON,13,21,5,46
19,NUEVO LEON,13,21,5,47
19,NUEVO LEON,13,21,5,48
19,NUEVO LEON,13,21,5,49
19,NUEVO LEON,13,21,5,51
19,NUEVO LEON,13,21,5,52
19,NUEVO LEON,13,21,5,55
19,NUEVO LEON,13,21,5,57
19,NUEVO LEON,13,21,5,61
19,NUEVO LEON,13,21,12,233
19,NUEVO LEON,13,21,12,234
19,NUEVO LEON,13,21,12,236
19,NUEVO LEON,13,21,12,2846
19,NUEVO LEON,13,21,12,2847
19,NUEVO LEON,13,21,12,2848
19,NUEVO LEON,13,21,12,2849
19,NUEVO LEON,13,21,12,2850
19,NUEVO LEON,13,21,12,2851
19,NUEVO LEON,13,21,12,2852
19,NUEVO LEON,13,21,12,2853
19,NUEVO LEON,13,21,12,2854
19,NUEVO LEON,13,21,12,2855
19,NUEVO LEON,13,21,12,2856
19,NUEVO LEON,13,21,12,2857
19,NUEVO LEON,13,21,12,2858
19,NUEVO LEON,13,21,12,2859
19,NUEVO LEON,13,21,12,2860
19,NUEVO LEON,13,21,12,2861
19,NUEVO LEON,13,21,12,3083
19,NUEVO LEON,13,21,12,3084
19,NUEVO LEON,13,21,12,3085
19,NUEVO LEON,13,21,12,3086
19,NUEVO LEON,13,21,12,3087
19,NUEVO LEON,13,21,12,3088
19,NUEVO LEON,13,21,12,3089
19,NUEVO LEON,13,21,33,854
19,NUEVO LEON,13,21,33,855
19,NUEVO LEON,13,21,33,856
19,NUEVO LEON,13,21,33,857
19,NUEVO LEON,13,21,33,858
19,NUEVO LEON,13,21,41,1700
19,NUEVO LEON,13,21,41,1701
19,NUEVO LEON,13,21,41,1702
19,NUEVO LEON,13,21,45,1730
19,NUEVO LEON,13,21,45,1731
19,NUEVO LEON,13,21,45,1732
19,NUEVO LEON,13,21,45,1733
19,NUEVO LEON,13,21,45,1734
19,NUEVO LEON,13,21,45,1735
19,NUEVO LEON,13,21,45,1736
19,NUEVO LEON,13,21,45,1737
19,NUEVO LEON,13,21,45,1738
19,NUEVO LEON,13,21,45,1739
19,NUEVO LEON,13,21,45,1740
19,NUEVO LEON,13,21,45,1741
19,NUEVO LEON,13,21,45,1742
19,NUEVO LEON,13,21,45,1743
19,NUEVO LEON,13,21,45,1744
19,NUEVO LEON,13,21,45,1745
19,NUEVO LEON,13,21,45,1746
19,NUEVO LEON,13,21,45,1749
19,NUEVO LEON,13,21,45,1751
19,NUEVO LEON,13,21,45,2411
19,NUEVO LEON,13,21,45,2412
19,NUEVO LEON,13,21,45,2413
19,NUEVO LEON,13,21,45,2414
19,NUEVO LEON,13,21,45,2415
19,NUEVO LEON,13,21,50,2111
19,NUEVO LEON,13,21,50,2112
19,NUEVO LEON,13,21,50,2113
19,NUEVO LEON,13,21,50,2114
19,NUEVO LEON,13,21,50,2115
19,NUEVO LEON,13,21,50,2116
19,NUEVO LEON,13,21,50,2117
19,NUEVO LEON,14,11,3,12
19,NUEVO LEON,14,11,3,13
19,NUEVO LEON,14,11,3,15
19,NUEVO LEON,14,11,3,16
19,NUEVO LEON,14,11,3,17
19,NUEVO LEON,14,11,11,221
19,NUEVO LEON,14,11,11,222
19,NUEVO LEON,14,11,11,223
19,NUEVO LEON,14,11,11,224
19,NUEVO LEON,14,11,11,225
19,NUEVO LEON,14,11,11,226
19,NUEVO LEON,14,11,11,228
19,NUEVO LEON,14,11,11,230
19,NUEVO LEON,14,11,13,237
19,NUEVO LEON,14,11,13,238
19,NUEVO LEON,14,11,13,239
19,NUEVO LEON,14,11,13,240
19,NUEVO LEON,14,11,13,241
19,NUEVO LEON,14,11,13,242
19,NUEVO LEON,14,11,13,243
19,NUEVO LEON,14,11,13,244
19,NUEVO LEON,14,11,13,245
19,NUEVO LEON,14,11,13,247
19,NUEVO LEON,14,11,13,253
19,NUEVO LEON,14,11,13,256
19,NUEVO LEON,14,11,15,294
19,NUEVO LEON,14,11,15,295
19,NUEVO LEON,14,11,15,296
19,NUEVO LEON,14,11,15,299
19,NUEVO LEON,14,11,15,300
19,NUEVO LEON,14,11,15,301
19,NUEVO LEON,14,11,15,303
19,NUEVO LEON,14,11,15,304
19,NUEVO LEON,14,11,16,305
19,NUEVO LEON,14,11,16,306
19,NUEVO LEON,14,11,16,307
19,NUEVO LEON,14,11,16,308
19,NUEVO LEON,14,11,20,418
19,NUEVO LEON,14,11,20,419
19,NUEVO LEON,14,11,20,420
19,NUEVO LEON,14,11,20,421
19,NUEVO LEON,14,11,20,422
19,NUEVO LEON,14,11,20,423
19,NUEVO LEON,14,11,20,426
19,NUEVO LEON,14,11,23,515
19,NUEVO LEON,14,11,23,516
19,NUEVO LEON,14,11,23,517
19,NUEVO LEON,14,11,27,805
19,NUEVO LEON,14,11,27,806
19,NUEVO LEON,14,11,27,807
19,NUEVO LEON,14,11,27,808
19,NUEVO LEON,14,11,27,809
19,NUEVO LEON,14,11,27,810
19,NUEVO LEON,14,11,35,908
19,NUEVO LEON,14,11,35,909
19,NUEVO LEON,14,11,35,910
19,NUEVO LEON,14,11,36,911
19,NUEVO LEON,14,11,36,912
19,NUEVO LEON,14,11,42,1703
19,NUEVO LEON,14,11,42,1704
19,NUEVO LEON,14,11,42,1707
19,NUEVO LEON,14,11,42,1709
19,NUEVO LEON,14,11,42,1710
19,NUEVO LEON,14,11,42,1711
19,NUEVO LEON,14,11,42,2712
19,NUEVO LEON,14,11,42,2713
19,NUEVO LEON,14,11,42,2714
19,NUEVO LEON,14,11,42,2715
19,NUEVO LEON,14,11,42,2883
19,NUEVO LEON,14,11,42,2884
19,NUEVO LEON,14,11,42,2885
19,NUEVO LEON,14,11,42,2886
19,NUEVO LEON,14,11,42,2887
19,NUEVO LEON,14,11,42,2888
19,NUEVO LEON,14,11,42,2889
19,NUEVO LEON,14,11,42,2890
19,NUEVO LEON,14,11,42,2891
19,NUEVO LEON,14,11,42,2892
19,NUEVO LEON,14,11,42,2893
19,NUEVO LEON,14,11,42,2894
19,NUEVO LEON,14,11,42,2895
19,NUEVO LEON,14,11,42,2896
19,NUEVO LEON,14,11,42,2897
19,NUEVO LEON,14,11,42,3025
19,NUEVO LEON,14,11,42,3026
19,NUEVO LEON,14,11,42,3027
19,NUEVO LEON,14,11,42,3028
19,NUEVO LEON,14,11,42,3029
19,NUEVO LEON,14,11,42,3030
19,NUEVO LEON,14,11,42,3031
19,NUEVO LEON,14,11,42,3032
19,NUEVO LEON,14,11,42,3033
19,NUEVO LEON,14,11,42,3034
19,NUEVO LEON,14,11,42,3035
19,NUEVO LEON,14,11,42,3036
19,NUEVO LEON,14,11,42,3037
19,NUEVO LEON,14,11,42,3038
19,NUEVO LEON,14,11,42,3039
19,NUEVO LEON,14,11,42,3040
19,NUEVO LEON,14,11,42,3041
19,NUEVO LEON,14,11,42,3042
19,NUEVO LEON,14,11,42,3043
19,NUEVO LEON,14,11,42,3257
19,NUEVO LEON,14,11,42,3258
19,NUEVO LEON,14,11,42,3259
19,NUEVO LEON,14,11,42,3260
19,NUEVO LEON,14,11,42,3261
19,NUEVO LEON,14,11,42,3262
19,NUEVO LEON,14,11,42,3263
19,NUEVO LEON,14,11,42,3264
19,NUEVO LEON,14,11,42,3265
19,NUEVO LEON,14,11,42,3266
19,NUEVO LEON,14,11,42,3267
19,NUEVO LEON,14,11,42,3268
19,NUEVO LEON,14,11,42,3269
19,NUEVO LEON,14,11,42,3270
19,NUEVO LEON,14,11,42,3271
19,NUEVO LEON,14,11,42,3272
19,NUEVO LEON,14,11,42,3273
19,NUEVO LEON,14,11,42,3274
19,NUEVO LEON,14,11,42,3275
19,NUEVO LEON,14,11,42,3276
19,NUEVO LEON,14,11,43,1712
19,NUEVO LEON,14,11,43,1713
19,NUEVO LEON,14,11,43,1714
19,NUEVO LEON,14,11,43,1715
19,NUEVO LEON,14,11,43,1716
19,NUEVO LEON,14,11,43,1717
19,NUEVO LEON,14,11,43,1718
19,NUEVO LEON,14,11,43,1719
19,NUEVO LEON,14,11,43,1720
19,NUEVO LEON,14,11,43,1721
19,NUEVO LEON,14,11,43,1722
19,NUEVO LEON,14,11,43,1723
19,NUEVO LEON,14,21,25,523
19,NUEVO LEON,14,21,25,524
19,NUEVO LEON,14,21,25,2619
19,NUEVO LEON,14,21,25,2620
19,NUEVO LEON,14,21,25,2621
19,NUEVO LEON,14,21,25,2622
19,NUEVO LEON,14,21,25,2623
19,NUEVO LEON,14,21,25,2624
19,NUEVO LEON,14,21,25,2625
19,NUEVO LEON,14,21,25,2626
19,NUEVO LEON,14,21,25,2627
19,NUEVO LEON,14,21,25,2628
19,NUEVO LEON,14,21,25,2629
19,NUEVO LEON,14,21,25,2630
19,NUEVO LEON,14,21,25,2631
19,NUEVO LEON,14,21,25,2632
19,NUEVO LEON,14,21,25,2633
19,NUEVO LEON,14,21,25,2634
19,NUEVO LEON,14,21,25,2635
19,NUEVO LEON,14,21,25,2636
19,NUEVO LEON,14,21,25,2637
19,NUEVO LEON,14,21,25,2638
19,NUEVO LEON,14,21,25,2639
19,NUEVO LEON,14,21,25,2640
19,NUEVO LEON,14,21,25,2641
19,NUEVO LEON,14,21,25,2642
19,NUEVO LEON,14,21,25,2643
19,NUEVO LEON,14,21,25,2644
19,NUEVO LEON,14,21,25,2645
19,NUEVO LEON,14,21,25,2646
19,NUEVO LEON,14,21,25,2647
19,NUEVO LEON,14,21,25,2648
19,NUEVO LEON,14,21,25,2649
19,NUEVO LEON,14,21,25,2650
19,NUEVO LEON,14,21,25,2651
19,NUEVO LEON,14,21,25,2652
19,NUEVO LEON,14,21,25,2653
19,NUEVO LEON,14,21,25,2654
19,NUEVO LEON,14,21,25,2655
19,NUEVO LEON,14,21,25,2656
19,NUEVO LEON,14,21,25,2657
19,NUEVO LEON,14,21,25,2658
19,NUEVO LEON,14,21,25,2659
19,NUEVO LEON,14,21,25,2660
19,NUEVO LEON,14,21,25,3249
19,NUEVO LEON,14,21,25,3250
19,NUEVO LEON,14,21,25,3251
19,NUEVO LEON,14,21,25,3252
19,NUEVO LEON,14,21,25,3253
19,NUEVO LEON,14,21,25,3254
19,NUEVO LEON,14,21,25,3255
19,NUEVO LEON,14,21,25,3256
19,NUEVO LEON,14,21,29,820
19,NUEVO LEON,14,21,29,821
19,NUEVO LEON,14,26,9,172
19,NUEVO LEON,14,26,9,173
19,NUEVO LEON,14,26,9,174
19,NUEVO LEON,14,26,9,175
19,NUEVO LEON,14,26,9,176
19,NUEVO LEON,14,26,9,177
19,NUEVO LEON,14,26,9,178
19,NUEVO LEON,14,26,9,179
19,NUEVO LEON,14,26,9,180
19,NUEVO LEON,14,26,9,181
19,NUEVO LEON,14,26,9,182
19,NUEVO LEON,14,26,9,184
19,NUEVO LEON,14,26,9,185
19,NUEVO LEON,14,26,9,186
19,NUEVO LEON,14,26,9,187
19,NUEVO LEON,14,26,9,188
19,NUEVO LEON,14,26,9,189
19,NUEVO LEON,14,26,9,190
19,NUEVO LEON,14,26,9,192
19,NUEVO LEON,14,26,9,193
19,NUEVO LEON,14,26,9,194
19,NUEVO LEON,14,26,9,195
19,NUEVO LEON,14,26,9,196
19,NUEVO LEON,14,26,9,197
19,NUEVO LEON,14,26,9,198
19,NUEVO LEON,14,26,9,199
19,NUEVO LEON,14,26,9,200
19,NUEVO LEON,14,26,9,201
19,NUEVO LEON,14,26,9,202
19,NUEVO LEON,14,26,9,203
19,NUEVO LEON,14,26,9,204
19,NUEVO LEON,14,26,9,205
19,NUEVO LEON,14,26,9,206
19,NUEVO LEON,14,26,9,207
19,NUEVO LEON,14,26,9,208
19,NUEVO LEON,14,26,9,209
19,NUEVO LEON,14,26,9,210
19,NUEVO LEON,14,26,9,211
19,NUEVO LEON,14,26,9,212
19,NUEVO LEON,14,26,9,213
19,NUEVO LEON,14,26,9,214
19,NUEVO LEON,14,26,9,215
19,NUEVO LEON,14,26,9,216
19,NUEVO LEON,14,26,9,217
19,NUEVO LEON,14,26,9,2727
19,NUEVO LEON,14,26,9,2728
19,NUEVO LEON,14,26,9,2729
19,NUEVO LEON,14,26,9,2730
19,NUEVO LEON,14,26,9,2731
19,NUEVO LEON,14,26,9,2738
19,NUEVO LEON,14,26,9,2739
19,NUEVO LEON,14,26,9,2740
19,NUEVO LEON,14,26,9,2741
19,NUEVO LEON,14,26,9,2742
19,NUEVO LEON,14,26,9,2743
19,NUEVO LEON,14,26,9,2744
19,NUEVO LEON,14,26,9,2745
19,NUEVO LEON,14,26,9,2746
19,NUEVO LEON,14,26,9,2904
19,NUEVO LEON,14,26,9,2905
19,NUEVO LEON,14,26,9,2906